GEO.id,GEO.id2,GEO.display-label,HD01_VD01
Id,Id2,Geography,Estimate; Aggregate travel time to work (in minutes):
0100000US,,United States,3559633065
8600000US10001,10001,ZCTA5 10001,340515
8600000US10002,10002,ZCTA5 10002,1048665
8600000US10003,10003,ZCTA5 10003,802060
8600000US10004,10004,ZCTA5 10004,49225
8600000US10005,10005,ZCTA5 10005,143685
8600000US10006,10006,ZCTA5 10006,51635
8600000US10007,10007,ZCTA5 10007,89740
8600000US10009,10009,ZCTA5 10009,989530
8600000US10010,10010,ZCTA5 10010,452490
8600000US10011,10011,ZCTA5 10011,787685
8600000US10012,10012,ZCTA5 10012,340870
8600000US10013,10013,ZCTA5 10013,354165
8600000US10014,10014,ZCTA5 10014,460645
8600000US10016,10016,ZCTA5 10016,791675
8600000US10017,10017,ZCTA5 10017,299710
8600000US10018,10018,ZCTA5 10018,163555
8600000US10019,10019,ZCTA5 10019,608655
8600000US10020,10020,ZCTA5 10020,-
8600000US10021,10021,ZCTA5 10021,677150
8600000US10022,10022,ZCTA5 10022,442745
8600000US10023,10023,ZCTA5 10023,881460
8600000US10024,10024,ZCTA5 10024,941895
8600000US10025,10025,ZCTA5 10025,1468290
8600000US10026,10026,ZCTA5 10026,543035
8600000US10027,10027,ZCTA5 10027,802845
8600000US10028,10028,ZCTA5 10028,824245
8600000US10029,10029,ZCTA5 10029,1051560
8600000US10030,10030,ZCTA5 10030,456230
8600000US10031,10031,ZCTA5 10031,1108610
8600000US10032,10032,ZCTA5 10032,940820
8600000US10033,10033,ZCTA5 10033,1072990
8600000US10034,10034,ZCTA5 10034,813485
8600000US10035,10035,ZCTA5 10035,415865
8600000US10036,10036,ZCTA5 10036,449330
8600000US10037,10037,ZCTA5 10037,269795
8600000US10038,10038,ZCTA5 10038,276950
8600000US10039,10039,ZCTA5 10039,386620
8600000US10040,10040,ZCTA5 10040,856390
8600000US10044,10044,ZCTA5 10044,210785
8600000US10065,10065,ZCTA5 10065,407465
8600000US10069,10069,ZCTA5 10069,96370
8600000US10075,10075,ZCTA5 10075,427480
8600000US10103,10103,ZCTA5 10103,-
8600000US10110,10110,ZCTA5 10110,-
8600000US10111,10111,ZCTA5 10111,-
8600000US10112,10112,ZCTA5 10112,-
8600000US10115,10115,ZCTA5 10115,-
8600000US10119,10119,ZCTA5 10119,-
8600000US10128,10128,ZCTA5 10128,1100685
8600000US10152,10152,ZCTA5 10152,-
8600000US10153,10153,ZCTA5 10153,-
8600000US10154,10154,ZCTA5 10154,-
8600000US10165,10165,ZCTA5 10165,-
8600000US10167,10167,ZCTA5 10167,-
8600000US10168,10168,ZCTA5 10168,-
8600000US10169,10169,ZCTA5 10169,-
8600000US10170,10170,ZCTA5 10170,-
8600000US10171,10171,ZCTA5 10171,-
8600000US10172,10172,ZCTA5 10172,-
8600000US10173,10173,ZCTA5 10173,-
8600000US10174,10174,ZCTA5 10174,-
8600000US10177,10177,ZCTA5 10177,-
8600000US10199,10199,ZCTA5 10199,-
8600000US10271,10271,ZCTA5 10271,-
8600000US10278,10278,ZCTA5 10278,-
8600000US10279,10279,ZCTA5 10279,-
8600000US10280,10280,ZCTA5 10280,185565
8600000US10282,10282,ZCTA5 10282,66600
8600000US10301,10301,ZCTA5 10301,673565
8600000US10302,10302,ZCTA5 10302,292920
8600000US10303,10303,ZCTA5 10303,424905
8600000US10304,10304,ZCTA5 10304,729565
8600000US10305,10305,ZCTA5 10305,717650
8600000US10306,10306,ZCTA5 10306,1040370
8600000US10307,10307,ZCTA5 10307,278235
8600000US10308,10308,ZCTA5 10308,600315
8600000US10309,10309,ZCTA5 10309,624265
8600000US10310,10310,ZCTA5 10310,356145
8600000US10311,10311,ZCTA5 10311,-
8600000US10312,10312,ZCTA5 10312,1233670
8600000US10314,10314,ZCTA5 10314,1591120
8600000US10451,10451,ZCTA5 10451,640995
8600000US10452,10452,ZCTA5 10452,1050650
8600000US10453,10453,ZCTA5 10453,1188950
8600000US10454,10454,ZCTA5 10454,501100
8600000US10455,10455,ZCTA5 10455,579135
8600000US10456,10456,ZCTA5 10456,1220025
8600000US10457,10457,ZCTA5 10457,1016015
8600000US10458,10458,ZCTA5 10458,1192415
8600000US10459,10459,ZCTA5 10459,662390
8600000US10460,10460,ZCTA5 10460,869335
8600000US10461,10461,ZCTA5 10461,863590
8600000US10462,10462,ZCTA5 10462,1559390
8600000US10463,10463,ZCTA5 10463,1285500
8600000US10464,10464,ZCTA5 10464,76020
8600000US10465,10465,ZCTA5 10465,778755
8600000US10466,10466,ZCTA5 10466,1346465
8600000US10467,10467,ZCTA5 10467,1668125
8600000US10468,10468,ZCTA5 10468,1278580
8600000US10469,10469,ZCTA5 10469,1309770
8600000US10470,10470,ZCTA5 10470,293780
8600000US10471,10471,ZCTA5 10471,380010
8600000US10472,10472,ZCTA5 10472,1078870
8600000US10473,10473,ZCTA5 10473,972565
8600000US10474,10474,ZCTA5 10474,150090
8600000US10475,10475,ZCTA5 10475,974310
8600000US10501,10501,ZCTA5 10501,22350
8600000US10502,10502,ZCTA5 10502,88710
8600000US10504,10504,ZCTA5 10504,113340
8600000US10505,10505,ZCTA5 10505,14250
8600000US10506,10506,ZCTA5 10506,84405
8600000US10507,10507,ZCTA5 10507,70760
8600000US10509,10509,ZCTA5 10509,359840
8600000US10510,10510,ZCTA5 10510,161400
8600000US10511,10511,ZCTA5 10511,36435
8600000US10512,10512,ZCTA5 10512,457840
8600000US10514,10514,ZCTA5 10514,225010
8600000US10516,10516,ZCTA5 10516,113520
8600000US10518,10518,ZCTA5 10518,25840
8600000US10520,10520,ZCTA5 10520,232180
8600000US10522,10522,ZCTA5 10522,166035
8600000US10523,10523,ZCTA5 10523,120590
8600000US10524,10524,ZCTA5 10524,74810
8600000US10526,10526,ZCTA5 10526,25565
8600000US10527,10527,ZCTA5 10527,14060
8600000US10528,10528,ZCTA5 10528,182395
8600000US10530,10530,ZCTA5 10530,217555
8600000US10532,10532,ZCTA5 10532,71060
8600000US10533,10533,ZCTA5 10533,115835
8600000US10535,10535,ZCTA5 10535,11455
8600000US10536,10536,ZCTA5 10536,168900
8600000US10537,10537,ZCTA5 10537,38595
8600000US10538,10538,ZCTA5 10538,287225
8600000US10541,10541,ZCTA5 10541,500270
8600000US10543,10543,ZCTA5 10543,302210
8600000US10546,10546,ZCTA5 10546,20625
8600000US10547,10547,ZCTA5 10547,124365
8600000US10548,10548,ZCTA5 10548,47765
8600000US10549,10549,ZCTA5 10549,251790
8600000US10550,10550,ZCTA5 10550,536295
8600000US10552,10552,ZCTA5 10552,315110
8600000US10553,10553,ZCTA5 10553,171735
8600000US10560,10560,ZCTA5 10560,72975
8600000US10562,10562,ZCTA5 10562,443070
8600000US10566,10566,ZCTA5 10566,389510
8600000US10567,10567,ZCTA5 10567,390470
8600000US10570,10570,ZCTA5 10570,174585
8600000US10573,10573,ZCTA5 10573,490095
8600000US10576,10576,ZCTA5 10576,86495
8600000US10577,10577,ZCTA5 10577,47000
8600000US10578,10578,ZCTA5 10578,14350
8600000US10579,10579,ZCTA5 10579,194915
8600000US10580,10580,ZCTA5 10580,221570
8600000US10583,10583,ZCTA5 10583,644615
8600000US10589,10589,ZCTA5 10589,113415
8600000US10590,10590,ZCTA5 10590,124715
8600000US10591,10591,ZCTA5 10591,331710
8600000US10594,10594,ZCTA5 10594,66205
8600000US10595,10595,ZCTA5 10595,90405
8600000US10596,10596,ZCTA5 10596,19915
8600000US10597,10597,ZCTA5 10597,18205
8600000US10598,10598,ZCTA5 10598,486620
8600000US10601,10601,ZCTA5 10601,164265
8600000US10603,10603,ZCTA5 10603,254240
8600000US10604,10604,ZCTA5 10604,136510
8600000US10605,10605,ZCTA5 10605,236050
8600000US10606,10606,ZCTA5 10606,212515
8600000US10607,10607,ZCTA5 10607,95865
8600000US10701,10701,ZCTA5 10701,784080
8600000US10703,10703,ZCTA5 10703,262320
8600000US10704,10704,ZCTA5 10704,522425
8600000US10705,10705,ZCTA5 10705,557840
8600000US10706,10706,ZCTA5 10706,147165
8600000US10707,10707,ZCTA5 10707,168715
8600000US10708,10708,ZCTA5 10708,352435
8600000US10709,10709,ZCTA5 10709,125400
8600000US10710,10710,ZCTA5 10710,420995
8600000US10801,10801,ZCTA5 10801,546850
8600000US10803,10803,ZCTA5 10803,203700
8600000US10804,10804,ZCTA5 10804,232385
8600000US10805,10805,ZCTA5 10805,256730
8600000US10901,10901,ZCTA5 10901,346560
8600000US10911,10911,ZCTA5 10911,-
8600000US10913,10913,ZCTA5 10913,72405
8600000US10914,10914,ZCTA5 10914,5270
8600000US10915,10915,ZCTA5 10915,1995
8600000US10916,10916,ZCTA5 10916,61230
8600000US10917,10917,ZCTA5 10917,31720
8600000US10918,10918,ZCTA5 10918,206700
8600000US10920,10920,ZCTA5 10920,120225
8600000US10921,10921,ZCTA5 10921,67725
8600000US10923,10923,ZCTA5 10923,142755
8600000US10924,10924,ZCTA5 10924,185405
8600000US10925,10925,ZCTA5 10925,96515
8600000US10926,10926,ZCTA5 10926,63340
8600000US10927,10927,ZCTA5 10927,159845
8600000US10928,10928,ZCTA5 10928,44420
8600000US10930,10930,ZCTA5 10930,163840
8600000US10931,10931,ZCTA5 10931,11690
8600000US10940,10940,ZCTA5 10940,718720
8600000US10941,10941,ZCTA5 10941,204400
8600000US10950,10950,ZCTA5 10950,596620
8600000US10952,10952,ZCTA5 10952,326185
8600000US10954,10954,ZCTA5 10954,369995
8600000US10956,10956,ZCTA5 10956,459795
8600000US10958,10958,ZCTA5 10958,39830
8600000US10960,10960,ZCTA5 10960,223640
8600000US10962,10962,ZCTA5 10962,72230
8600000US10963,10963,ZCTA5 10963,40415
8600000US10964,10964,ZCTA5 10964,17500
8600000US10965,10965,ZCTA5 10965,220280
8600000US10968,10968,ZCTA5 10968,37270
8600000US10969,10969,ZCTA5 10969,39235
8600000US10970,10970,ZCTA5 10970,144405
8600000US10973,10973,ZCTA5 10973,37935
8600000US10974,10974,ZCTA5 10974,48855
8600000US10975,10975,ZCTA5 10975,7720
8600000US10976,10976,ZCTA5 10976,23460
8600000US10977,10977,ZCTA5 10977,665080
8600000US10980,10980,ZCTA5 10980,220195
8600000US10983,10983,ZCTA5 10983,79605
8600000US10984,10984,ZCTA5 10984,49985
8600000US10986,10986,ZCTA5 10986,28460
8600000US10987,10987,ZCTA5 10987,54180
8600000US10988,10988,ZCTA5 10988,14940
8600000US10989,10989,ZCTA5 10989,142620
8600000US10990,10990,ZCTA5 10990,322330
8600000US10992,10992,ZCTA5 10992,169655
8600000US10993,10993,ZCTA5 10993,58125
8600000US10994,10994,ZCTA5 10994,109125
8600000US10996,10996,ZCTA5 10996,21005
8600000US10998,10998,ZCTA5 10998,60265
8600000US11001,11001,ZCTA5 11001,479165
8600000US11003,11003,ZCTA5 11003,878920
8600000US11004,11004,ZCTA5 11004,252490
8600000US11010,11010,ZCTA5 11010,382365
8600000US11020,11020,ZCTA5 11020,93265
8600000US11021,11021,ZCTA5 11021,265815
8600000US11023,11023,ZCTA5 11023,128385
8600000US11024,11024,ZCTA5 11024,113390
8600000US11030,11030,ZCTA5 11030,251775
8600000US11040,11040,ZCTA5 11040,711860
8600000US11042,11042,ZCTA5 11042,-
8600000US11050,11050,ZCTA5 11050,526910
8600000US11101,11101,ZCTA5 11101,449910
8600000US11102,11102,ZCTA5 11102,689715
8600000US11103,11103,ZCTA5 11103,852410
8600000US11104,11104,ZCTA5 11104,560095
8600000US11105,11105,ZCTA5 11105,766080
8600000US11106,11106,ZCTA5 11106,746125
8600000US11109,11109,ZCTA5 11109,95505
8600000US11201,11201,ZCTA5 11201,965945
8600000US11203,11203,ZCTA5 11203,1435310
8600000US11204,11204,ZCTA5 11204,1265470
8600000US11205,11205,ZCTA5 11205,633640
8600000US11206,11206,ZCTA5 11206,1187530
8600000US11207,11207,ZCTA5 11207,1642410
8600000US11208,11208,ZCTA5 11208,1469125
8600000US11209,11209,ZCTA5 11209,1368115
8600000US11210,11210,ZCTA5 11210,1156825
8600000US11211,11211,ZCTA5 11211,1385015
8600000US11212,11212,ZCTA5 11212,1432635
8600000US11213,11213,ZCTA5 11213,1027395
8600000US11214,11214,ZCTA5 11214,1850365
8600000US11215,11215,ZCTA5 11215,1468390
8600000US11216,11216,ZCTA5 11216,1104755
8600000US11217,11217,ZCTA5 11217,714165
8600000US11218,11218,ZCTA5 11218,1275520
8600000US11219,11219,ZCTA5 11219,1346525
8600000US11220,11220,ZCTA5 11220,1862690
8600000US11221,11221,ZCTA5 11221,1461670
8600000US11222,11222,ZCTA5 11222,768080
8600000US11223,11223,ZCTA5 11223,1391045
8600000US11224,11224,ZCTA5 11224,668180
8600000US11225,11225,ZCTA5 11225,1105485
8600000US11226,11226,ZCTA5 11226,1958465
8600000US11228,11228,ZCTA5 11228,851115
8600000US11229,11229,ZCTA5 11229,1494495
8600000US11230,11230,ZCTA5 11230,1287015
8600000US11231,11231,ZCTA5 11231,665015
8600000US11232,11232,ZCTA5 11232,525225
8600000US11233,11233,ZCTA5 11233,1179170
8600000US11234,11234,ZCTA5 11234,1903660
8600000US11235,11235,ZCTA5 11235,1371040
8600000US11236,11236,ZCTA5 11236,2274540
8600000US11237,11237,ZCTA5 11237,1007350
8600000US11238,11238,ZCTA5 11238,1100435
8600000US11351,11351,ZCTA5 11351,-
8600000US11354,11354,ZCTA5 11354,1001790
8600000US11355,11355,ZCTA5 11355,1449480
8600000US11356,11356,ZCTA5 11356,448990
8600000US11357,11357,ZCTA5 11357,642875
8600000US11358,11358,ZCTA5 11358,694050
8600000US11359,11359,ZCTA5 11359,-
8600000US11360,11360,ZCTA5 11360,333035
8600000US11361,11361,ZCTA5 11361,553520
8600000US11362,11362,ZCTA5 11362,338550
8600000US11363,11363,ZCTA5 11363,131435
8600000US11364,11364,ZCTA5 11364,680080
8600000US11365,11365,ZCTA5 11365,793860
8600000US11366,11366,ZCTA5 11366,234830
8600000US11367,11367,ZCTA5 11367,717240
8600000US11368,11368,ZCTA5 11368,2239640
8600000US11369,11369,ZCTA5 11369,734220
8600000US11370,11370,ZCTA5 11370,468300
8600000US11371,11371,ZCTA5 11371,-
8600000US11372,11372,ZCTA5 11372,1274720
8600000US11373,11373,ZCTA5 11373,1957205
8600000US11374,11374,ZCTA5 11374,854225
8600000US11375,11375,ZCTA5 11375,1411360
8600000US11377,11377,ZCTA5 11377,1687280
8600000US11378,11378,ZCTA5 11378,590660
8600000US11379,11379,ZCTA5 11379,622760
8600000US11385,11385,ZCTA5 11385,1796745
8600000US11411,11411,ZCTA5 11411,442620
8600000US11412,11412,ZCTA5 11412,912915
8600000US11413,11413,ZCTA5 11413,1021530
8600000US11414,11414,ZCTA5 11414,497560
8600000US11415,11415,ZCTA5 11415,409215
8600000US11416,11416,ZCTA5 11416,517545
8600000US11417,11417,ZCTA5 11417,625795
8600000US11418,11418,ZCTA5 11418,741930
8600000US11419,11419,ZCTA5 11419,1074490
8600000US11420,11420,ZCTA5 11420,1087030
8600000US11421,11421,ZCTA5 11421,918815
8600000US11422,11422,ZCTA5 11422,812595
8600000US11423,11423,ZCTA5 11423,691750
8600000US11424,11424,ZCTA5 11424,-
8600000US11425,11425,ZCTA5 11425,-
8600000US11426,11426,ZCTA5 11426,377050
8600000US11427,11427,ZCTA5 11427,475315
8600000US11428,11428,ZCTA5 11428,418175
8600000US11429,11429,ZCTA5 11429,567420
8600000US11430,11430,ZCTA5 11430,4945
8600000US11432,11432,ZCTA5 11432,1224565
8600000US11433,11433,ZCTA5 11433,616405
8600000US11434,11434,ZCTA5 11434,1329045
8600000US11435,11435,ZCTA5 11435,1185960
8600000US11436,11436,ZCTA5 11436,405920
8600000US11451,11451,ZCTA5 11451,-
8600000US11501,11501,ZCTA5 11501,313325
8600000US11507,11507,ZCTA5 11507,110080
8600000US11509,11509,ZCTA5 11509,44880
8600000US11510,11510,ZCTA5 11510,590085
8600000US11514,11514,ZCTA5 11514,75810
8600000US11518,11518,ZCTA5 11518,167395
8600000US11520,11520,ZCTA5 11520,626910
8600000US11530,11530,ZCTA5 11530,438160
8600000US11542,11542,ZCTA5 11542,369815
8600000US11545,11545,ZCTA5 11545,198555
8600000US11547,11547,ZCTA5 11547,18875
8600000US11548,11548,ZCTA5 11548,22265
8600000US11549,11549,ZCTA5 11549,14230
8600000US11550,11550,ZCTA5 11550,873840
8600000US11552,11552,ZCTA5 11552,397825
8600000US11553,11553,ZCTA5 11553,349755
8600000US11554,11554,ZCTA5 11554,543050
8600000US11556,11556,ZCTA5 11556,-
8600000US11557,11557,ZCTA5 11557,111210
8600000US11558,11558,ZCTA5 11558,128960
8600000US11560,11560,ZCTA5 11560,86660
8600000US11561,11561,ZCTA5 11561,783340
8600000US11563,11563,ZCTA5 11563,408615
8600000US11565,11565,ZCTA5 11565,156505
8600000US11566,11566,ZCTA5 11566,589920
8600000US11568,11568,ZCTA5 11568,54030
8600000US11569,11569,ZCTA5 11569,18885
8600000US11570,11570,ZCTA5 11570,465805
8600000US11572,11572,ZCTA5 11572,467655
8600000US11575,11575,ZCTA5 11575,229660
8600000US11576,11576,ZCTA5 11576,182570
8600000US11577,11577,ZCTA5 11577,206340
8600000US11579,11579,ZCTA5 11579,83485
8600000US11580,11580,ZCTA5 11580,837850
8600000US11581,11581,ZCTA5 11581,395670
8600000US11590,11590,ZCTA5 11590,687210
8600000US11596,11596,ZCTA5 11596,165375
8600000US11598,11598,ZCTA5 11598,220375
8600000US11691,11691,ZCTA5 11691,1099540
8600000US11692,11692,ZCTA5 11692,365560
8600000US11693,11693,ZCTA5 11693,258955
8600000US11694,11694,ZCTA5 11694,405075
8600000US11701,11701,ZCTA5 11701,370385
8600000US11702,11702,ZCTA5 11702,224420
8600000US11703,11703,ZCTA5 11703,232770
8600000US11704,11704,ZCTA5 11704,573295
8600000US11705,11705,ZCTA5 11705,109470
8600000US11706,11706,ZCTA5 11706,1002285
8600000US11709,11709,ZCTA5 11709,111810
8600000US11710,11710,ZCTA5 11710,549455
8600000US11713,11713,ZCTA5 11713,119235
8600000US11714,11714,ZCTA5 11714,320700
8600000US11715,11715,ZCTA5 11715,70475
8600000US11717,11717,ZCTA5 11717,767460
8600000US11718,11718,ZCTA5 11718,50415
8600000US11719,11719,ZCTA5 11719,41940
8600000US11720,11720,ZCTA5 11720,412885
8600000US11721,11721,ZCTA5 11721,103230
8600000US11722,11722,ZCTA5 11722,460850
8600000US11725,11725,ZCTA5 11725,430325
8600000US11727,11727,ZCTA5 11727,558700
8600000US11729,11729,ZCTA5 11729,392095
8600000US11730,11730,ZCTA5 11730,220410
8600000US11731,11731,ZCTA5 11731,446415
8600000US11733,11733,ZCTA5 11733,248490
8600000US11735,11735,ZCTA5 11735,498555
8600000US11739,11739,ZCTA5 11739,15700
8600000US11740,11740,ZCTA5 11740,120015
8600000US11741,11741,ZCTA5 11741,475295
8600000US11742,11742,ZCTA5 11742,221290
8600000US11743,11743,ZCTA5 11743,685570
8600000US11746,11746,ZCTA5 11746,990120
8600000US11747,11747,ZCTA5 11747,270805
8600000US11749,11749,ZCTA5 11749,49870
8600000US11751,11751,ZCTA5 11751,238730
8600000US11752,11752,ZCTA5 11752,144825
8600000US11753,11753,ZCTA5 11753,191885
8600000US11754,11754,ZCTA5 11754,290355
8600000US11755,11755,ZCTA5 11755,206790
8600000US11756,11756,ZCTA5 11756,690325
8600000US11757,11757,ZCTA5 11757,777375
8600000US11758,11758,ZCTA5 11758,938235
8600000US11762,11762,ZCTA5 11762,391600
8600000US11763,11763,ZCTA5 11763,451865
8600000US11766,11766,ZCTA5 11766,200660
8600000US11767,11767,ZCTA5 11767,249775
8600000US11768,11768,ZCTA5 11768,344535
8600000US11769,11769,ZCTA5 11769,132250
8600000US11770,11770,ZCTA5 11770,1000
8600000US11771,11771,ZCTA5 11771,140060
8600000US11772,11772,ZCTA5 11772,617670
8600000US11776,11776,ZCTA5 11776,410610
8600000US11777,11777,ZCTA5 11777,131070
8600000US11778,11778,ZCTA5 11778,228185
8600000US11779,11779,ZCTA5 11779,562450
8600000US11780,11780,ZCTA5 11780,211815
8600000US11782,11782,ZCTA5 11782,248320
8600000US11783,11783,ZCTA5 11783,340915
8600000US11784,11784,ZCTA5 11784,425245
8600000US11786,11786,ZCTA5 11786,110725
8600000US11787,11787,ZCTA5 11787,520835
8600000US11788,11788,ZCTA5 11788,240185
8600000US11789,11789,ZCTA5 11789,160795
8600000US11790,11790,ZCTA5 11790,215550
8600000US11791,11791,ZCTA5 11791,417175
8600000US11793,11793,ZCTA5 11793,523750
8600000US11795,11795,ZCTA5 11795,381685
8600000US11797,11797,ZCTA5 11797,140035
8600000US11798,11798,ZCTA5 11798,201200
8600000US11801,11801,ZCTA5 11801,677070
8600000US11803,11803,ZCTA5 11803,472110
8600000US11804,11804,ZCTA5 11804,72150
8600000US11901,11901,ZCTA5 11901,276075
8600000US11935,11935,ZCTA5 11935,41655
8600000US11937,11937,ZCTA5 11937,178355
8600000US11939,11939,ZCTA5 11939,9520
8600000US11940,11940,ZCTA5 11940,88035
8600000US11941,11941,ZCTA5 11941,30145
8600000US11944,11944,ZCTA5 11944,36200
8600000US11946,11946,ZCTA5 11946,193835
8600000US11947,11947,ZCTA5 11947,1620
8600000US11948,11948,ZCTA5 11948,16090
8600000US11951,11951,ZCTA5 11951,235745
8600000US11952,11952,ZCTA5 11952,51030
8600000US11953,11953,ZCTA5 11953,202930
8600000US11956,11956,ZCTA5 11956,3520
8600000US11957,11957,ZCTA5 11957,6155
8600000US11961,11961,ZCTA5 11961,137455
8600000US11963,11963,ZCTA5 11963,79610
8600000US11965,11965,ZCTA5 11965,10425
8600000US11968,11968,ZCTA5 11968,114140
8600000US11970,11970,ZCTA5 11970,2155
8600000US11973,11973,ZCTA5 11973,140
8600000US11975,11975,ZCTA5 11975,3085
8600000US11976,11976,ZCTA5 11976,29385
8600000US11977,11977,ZCTA5 11977,17540
8600000US11978,11978,ZCTA5 11978,35295
8600000US12007,12007,ZCTA5 12007,-
8600000US12008,12008,ZCTA5 12008,3315
8600000US12009,12009,ZCTA5 12009,88480
8600000US12010,12010,ZCTA5 12010,292755
8600000US12017,12017,ZCTA5 12017,2840
8600000US12018,12018,ZCTA5 12018,110850
8600000US12019,12019,ZCTA5 12019,182165
8600000US12020,12020,ZCTA5 12020,421150
8600000US12022,12022,ZCTA5 12022,14340
8600000US12023,12023,ZCTA5 12023,36130
8600000US12025,12025,ZCTA5 12025,66750
8600000US12027,12027,ZCTA5 12027,48545
8600000US12028,12028,ZCTA5 12028,18115
8600000US12029,12029,ZCTA5 12029,10860
8600000US12031,12031,ZCTA5 12031,2080
8600000US12033,12033,ZCTA5 12033,78750
8600000US12035,12035,ZCTA5 12035,8920
8600000US12036,12036,ZCTA5 12036,2070
8600000US12037,12037,ZCTA5 12037,44715
8600000US12042,12042,ZCTA5 12042,3515
8600000US12043,12043,ZCTA5 12043,89270
8600000US12046,12046,ZCTA5 12046,10540
8600000US12047,12047,ZCTA5 12047,196605
8600000US12054,12054,ZCTA5 12054,158815
8600000US12056,12056,ZCTA5 12056,33935
8600000US12057,12057,ZCTA5 12057,24850
8600000US12059,12059,ZCTA5 12059,28170
8600000US12060,12060,ZCTA5 12060,18350
8600000US12061,12061,ZCTA5 12061,95125
8600000US12062,12062,ZCTA5 12062,23560
8600000US12063,12063,ZCTA5 12063,4775
8600000US12064,12064,ZCTA5 12064,5915
8600000US12065,12065,ZCTA5 12065,526160
8600000US12067,12067,ZCTA5 12067,19960
8600000US12068,12068,ZCTA5 12068,30220
8600000US12075,12075,ZCTA5 12075,26695
8600000US12076,12076,ZCTA5 12076,17985
8600000US12078,12078,ZCTA5 12078,198960
8600000US12086,12086,ZCTA5 12086,19560
8600000US12087,12087,ZCTA5 12087,16520
8600000US12090,12090,ZCTA5 12090,78300
8600000US12092,12092,ZCTA5 12092,8650
8600000US12093,12093,ZCTA5 12093,24425
8600000US12094,12094,ZCTA5 12094,46155
8600000US12106,12106,ZCTA5 12106,28060
8600000US12110,12110,ZCTA5 12110,198070
8600000US12116,12116,ZCTA5 12116,17715
8600000US12117,12117,ZCTA5 12117,35530
8600000US12118,12118,ZCTA5 12118,165850
8600000US12123,12123,ZCTA5 12123,71215
8600000US12124,12124,ZCTA5 12124,7660
8600000US12125,12125,ZCTA5 12125,16505
8600000US12130,12130,ZCTA5 12130,15045
8600000US12134,12134,ZCTA5 12134,49220
8600000US12136,12136,ZCTA5 12136,10380
8600000US12138,12138,ZCTA5 12138,48365
8600000US12139,12139,ZCTA5 12139,2575
8600000US12143,12143,ZCTA5 12143,59120
8600000US12144,12144,ZCTA5 12144,188410
8600000US12147,12147,ZCTA5 12147,6045
8600000US12148,12148,ZCTA5 12148,48830
8600000US12150,12150,ZCTA5 12150,7475
8600000US12154,12154,ZCTA5 12154,42375
8600000US12156,12156,ZCTA5 12156,10780
8600000US12157,12157,ZCTA5 12157,58545
8600000US12159,12159,ZCTA5 12159,80805
8600000US12160,12160,ZCTA5 12160,12665
8600000US12167,12167,ZCTA5 12167,26545
8600000US12168,12168,ZCTA5 12168,28175
8600000US12172,12172,ZCTA5 12172,3825
8600000US12174,12174,ZCTA5 12174,3140
8600000US12175,12175,ZCTA5 12175,6070
8600000US12176,12176,ZCTA5 12176,11205
8600000US12177,12177,ZCTA5 12177,6090
8600000US12180,12180,ZCTA5 12180,503120
8600000US12182,12182,ZCTA5 12182,142850
8600000US12183,12183,ZCTA5 12183,22520
8600000US12184,12184,ZCTA5 12184,83515
8600000US12189,12189,ZCTA5 12189,180465
8600000US12190,12190,ZCTA5 12190,9540
8600000US12192,12192,ZCTA5 12192,21865
8600000US12194,12194,ZCTA5 12194,1425
8600000US12198,12198,ZCTA5 12198,89315
8600000US12203,12203,ZCTA5 12203,281245
8600000US12205,12205,ZCTA5 12205,278390
8600000US12207,12207,ZCTA5 12207,9280
8600000US12211,12211,ZCTA5 12211,88540
8600000US12222,12222,ZCTA5 12222,16070
8600000US12302,12302,ZCTA5 12302,289425
8600000US12303,12303,ZCTA5 12303,295535
8600000US12305,12305,ZCTA5 12305,42965
8600000US12306,12306,ZCTA5 12306,284490
8600000US12307,12307,ZCTA5 12307,37715
8600000US12308,12308,ZCTA5 12308,146270
8600000US12309,12309,ZCTA5 12309,305085
8600000US12401,12401,ZCTA5 12401,350865
8600000US12404,12404,ZCTA5 12404,50390
8600000US12405,12405,ZCTA5 12405,6515
8600000US12406,12406,ZCTA5 12406,5705
8600000US12407,12407,ZCTA5 12407,2200
8600000US12410,12410,ZCTA5 12410,10105
8600000US12411,12411,ZCTA5 12411,6450
8600000US12413,12413,ZCTA5 12413,23090
8600000US12417,12417,ZCTA5 12417,7500
8600000US12418,12418,ZCTA5 12418,7315
8600000US12419,12419,ZCTA5 12419,6775
8600000US12421,12421,ZCTA5 12421,6445
8600000US12422,12422,ZCTA5 12422,3925
8600000US12427,12427,ZCTA5 12427,4905
8600000US12428,12428,ZCTA5 12428,83565
8600000US12431,12431,ZCTA5 12431,16440
8600000US12436,12436,ZCTA5 12436,11270
8600000US12439,12439,ZCTA5 12439,2865
8600000US12441,12441,ZCTA5 12441,1215
8600000US12443,12443,ZCTA5 12443,40360
8600000US12446,12446,ZCTA5 12446,71775
8600000US12448,12448,ZCTA5 12448,10365
8600000US12449,12449,ZCTA5 12449,21475
8600000US12450,12450,ZCTA5 12450,-
8600000US12454,12454,ZCTA5 12454,3505
8600000US12456,12456,ZCTA5 12456,5795
8600000US12461,12461,ZCTA5 12461,34555
8600000US12466,12466,ZCTA5 12466,26395
8600000US12468,12468,ZCTA5 12468,8705
8600000US12469,12469,ZCTA5 12469,13720
8600000US12470,12470,ZCTA5 12470,7085
8600000US12472,12472,ZCTA5 12472,17340
8600000US12473,12473,ZCTA5 12473,11125
8600000US12475,12475,ZCTA5 12475,2060
8600000US12477,12477,ZCTA5 12477,220495
8600000US12480,12480,ZCTA5 12480,11760
8600000US12482,12482,ZCTA5 12482,2490
8600000US12483,12483,ZCTA5 12483,7865
8600000US12484,12484,ZCTA5 12484,42095
8600000US12485,12485,ZCTA5 12485,6525
8600000US12490,12490,ZCTA5 12490,-
8600000US12493,12493,ZCTA5 12493,5095
8600000US12498,12498,ZCTA5 12498,50485
8600000US12501,12501,ZCTA5 12501,37365
8600000US12502,12502,ZCTA5 12502,14125
8600000US12503,12503,ZCTA5 12503,11130
8600000US12507,12507,ZCTA5 12507,2215
8600000US12508,12508,ZCTA5 12508,288105
8600000US12513,12513,ZCTA5 12513,7025
8600000US12514,12514,ZCTA5 12514,46490
8600000US12515,12515,ZCTA5 12515,20195
8600000US12516,12516,ZCTA5 12516,32870
8600000US12517,12517,ZCTA5 12517,8250
8600000US12518,12518,ZCTA5 12518,71965
8600000US12520,12520,ZCTA5 12520,49610
8600000US12521,12521,ZCTA5 12521,15375
8600000US12522,12522,ZCTA5 12522,74555
8600000US12524,12524,ZCTA5 12524,243665
8600000US12525,12525,ZCTA5 12525,36475
8600000US12526,12526,ZCTA5 12526,57475
8600000US12528,12528,ZCTA5 12528,147490
8600000US12529,12529,ZCTA5 12529,25050
8600000US12530,12530,ZCTA5 12530,-
8600000US12531,12531,ZCTA5 12531,70800
8600000US12533,12533,ZCTA5 12533,435935
8600000US12534,12534,ZCTA5 12534,163310
8600000US12538,12538,ZCTA5 12538,185495
8600000US12540,12540,ZCTA5 12540,125665
8600000US12542,12542,ZCTA5 12542,89335
8600000US12543,12543,ZCTA5 12543,57170
8600000US12545,12545,ZCTA5 12545,60670
8600000US12546,12546,ZCTA5 12546,36780
8600000US12549,12549,ZCTA5 12549,165815
8600000US12550,12550,ZCTA5 12550,661945
8600000US12553,12553,ZCTA5 12553,434520
8600000US12561,12561,ZCTA5 12561,228825
8600000US12563,12563,ZCTA5 12563,138780
8600000US12564,12564,ZCTA5 12564,122595
8600000US12565,12565,ZCTA5 12565,10475
8600000US12566,12566,ZCTA5 12566,160485
8600000US12567,12567,ZCTA5 12567,41710
8600000US12569,12569,ZCTA5 12569,150755
8600000US12570,12570,ZCTA5 12570,129475
8600000US12571,12571,ZCTA5 12571,121130
8600000US12572,12572,ZCTA5 12572,97670
8600000US12577,12577,ZCTA5 12577,22180
8600000US12578,12578,ZCTA5 12578,30655
8600000US12580,12580,ZCTA5 12580,68920
8600000US12581,12581,ZCTA5 12581,33705
8600000US12582,12582,ZCTA5 12582,65395
8600000US12583,12583,ZCTA5 12583,36315
8600000US12585,12585,ZCTA5 12585,10835
8600000US12586,12586,ZCTA5 12586,201320
8600000US12589,12589,ZCTA5 12589,203850
8600000US12590,12590,ZCTA5 12590,590385
8600000US12594,12594,ZCTA5 12594,70415
8600000US12601,12601,ZCTA5 12601,445030
8600000US12603,12603,ZCTA5 12603,528875
8600000US12701,12701,ZCTA5 12701,115170
8600000US12719,12719,ZCTA5 12719,19295
8600000US12721,12721,ZCTA5 12721,103100
8600000US12725,12725,ZCTA5 12725,2515
8600000US12726,12726,ZCTA5 12726,21735
8600000US12729,12729,ZCTA5 12729,22340
8600000US12732,12732,ZCTA5 12732,18105
8600000US12737,12737,ZCTA5 12737,28970
8600000US12738,12738,ZCTA5 12738,4815
8600000US12745,12745,ZCTA5 12745,2400
8600000US12746,12746,ZCTA5 12746,17745
8600000US12747,12747,ZCTA5 12747,11405
8600000US12751,12751,ZCTA5 12751,7435
8600000US12752,12752,ZCTA5 12752,3395
8600000US12758,12758,ZCTA5 12758,63315
8600000US12759,12759,ZCTA5 12759,5550
8600000US12760,12760,ZCTA5 12760,5060
8600000US12762,12762,ZCTA5 12762,2310
8600000US12764,12764,ZCTA5 12764,22470
8600000US12765,12765,ZCTA5 12765,15615
8600000US12766,12766,ZCTA5 12766,4075
8600000US12768,12768,ZCTA5 12768,7410
8600000US12771,12771,ZCTA5 12771,162975
8600000US12775,12775,ZCTA5 12775,30730
8600000US12776,12776,ZCTA5 12776,23280
8600000US12777,12777,ZCTA5 12777,14905
8600000US12779,12779,ZCTA5 12779,10680
8600000US12780,12780,ZCTA5 12780,23055
8600000US12783,12783,ZCTA5 12783,14745
8600000US12785,12785,ZCTA5 12785,9935
8600000US12788,12788,ZCTA5 12788,14425
8600000US12790,12790,ZCTA5 12790,70865
8600000US12801,12801,ZCTA5 12801,127915
8600000US12803,12803,ZCTA5 12803,95125
8600000US12804,12804,ZCTA5 12804,286765
8600000US12809,12809,ZCTA5 12809,51595
8600000US12814,12814,ZCTA5 12814,13095
8600000US12816,12816,ZCTA5 12816,51040
8600000US12817,12817,ZCTA5 12817,24405
8600000US12819,12819,ZCTA5 12819,3910
8600000US12821,12821,ZCTA5 12821,1515
8600000US12827,12827,ZCTA5 12827,46750
8600000US12831,12831,ZCTA5 12831,209895
8600000US12832,12832,ZCTA5 12832,69125
8600000US12834,12834,ZCTA5 12834,72795
8600000US12836,12836,ZCTA5 12836,8270
8600000US12837,12837,ZCTA5 12837,16230
8600000US12839,12839,ZCTA5 12839,136280
8600000US12842,12842,ZCTA5 12842,5080
8600000US12843,12843,ZCTA5 12843,5130
8600000US12844,12844,ZCTA5 12844,2735
8600000US12845,12845,ZCTA5 12845,48705
8600000US12847,12847,ZCTA5 12847,2105
8600000US12849,12849,ZCTA5 12849,8580
8600000US12850,12850,ZCTA5 12850,37580
8600000US12852,12852,ZCTA5 12852,2925
8600000US12855,12855,ZCTA5 12855,2290
8600000US12858,12858,ZCTA5 12858,120
8600000US12859,12859,ZCTA5 12859,31015
8600000US12860,12860,ZCTA5 12860,5165
8600000US12861,12861,ZCTA5 12861,8170
8600000US12862,12862,ZCTA5 12862,-
8600000US12863,12863,ZCTA5 12863,14000
8600000US12865,12865,ZCTA5 12865,47550
8600000US12866,12866,ZCTA5 12866,387625
8600000US12870,12870,ZCTA5 12870,4905
8600000US12871,12871,ZCTA5 12871,45965
8600000US12872,12872,ZCTA5 12872,155
8600000US12873,12873,ZCTA5 12873,8090
8600000US12883,12883,ZCTA5 12883,40930
8600000US12884,12884,ZCTA5 12884,3435
8600000US12887,12887,ZCTA5 12887,45505
8600000US12901,12901,ZCTA5 12901,226335
8600000US12911,12911,ZCTA5 12911,465
8600000US12913,12913,ZCTA5 12913,11350
8600000US12914,12914,ZCTA5 12914,6880
8600000US12916,12916,ZCTA5 12916,18605
8600000US12917,12917,ZCTA5 12917,12035
8600000US12919,12919,ZCTA5 12919,23410
8600000US12921,12921,ZCTA5 12921,28940
8600000US12922,12922,ZCTA5 12922,605
8600000US12928,12928,ZCTA5 12928,17755
8600000US12929,12929,ZCTA5 12929,8010
8600000US12930,12930,ZCTA5 12930,8425
8600000US12932,12932,ZCTA5 12932,10155
8600000US12934,12934,ZCTA5 12934,8955
8600000US12935,12935,ZCTA5 12935,18155
8600000US12936,12936,ZCTA5 12936,5615
8600000US12939,12939,ZCTA5 12939,2620
8600000US12943,12943,ZCTA5 12943,1960
8600000US12944,12944,ZCTA5 12944,43645
8600000US12945,12945,ZCTA5 12945,5865
8600000US12946,12946,ZCTA5 12946,41530
8600000US12953,12953,ZCTA5 12953,86735
8600000US12955,12955,ZCTA5 12955,4650
8600000US12956,12956,ZCTA5 12956,22005
8600000US12959,12959,ZCTA5 12959,18160
8600000US12962,12962,ZCTA5 12962,55080
8600000US12967,12967,ZCTA5 12967,9140
8600000US12970,12970,ZCTA5 12970,8075
8600000US12974,12974,ZCTA5 12974,15030
8600000US12976,12976,ZCTA5 12976,1265
8600000US12978,12978,ZCTA5 12978,3560
8600000US12979,12979,ZCTA5 12979,24590
8600000US12981,12981,ZCTA5 12981,28155
8600000US12985,12985,ZCTA5 12985,14100
8600000US12992,12992,ZCTA5 12992,55615
8600000US12997,12997,ZCTA5 12997,15875
8600000US13020,13020,ZCTA5 13020,1070
8600000US13021,13021,ZCTA5 13021,332765
8600000US13024,13024,ZCTA5 13024,-
8600000US13027,13027,ZCTA5 13027,346955
8600000US13029,13029,ZCTA5 13029,76985
8600000US13031,13031,ZCTA5 13031,166280
8600000US13032,13032,ZCTA5 13032,149945
8600000US13035,13035,ZCTA5 13035,86695
8600000US13039,13039,ZCTA5 13039,168885
8600000US13040,13040,ZCTA5 13040,32840
8600000US13042,13042,ZCTA5 13042,47685
8600000US13045,13045,ZCTA5 13045,243050
8600000US13052,13052,ZCTA5 13052,25290
8600000US13057,13057,ZCTA5 13057,119915
8600000US13061,13061,ZCTA5 13061,14000
8600000US13062,13062,ZCTA5 13062,3875
8600000US13064,13064,ZCTA5 13064,-
8600000US13066,13066,ZCTA5 13066,119640
8600000US13069,13069,ZCTA5 13069,213955
8600000US13071,13071,ZCTA5 13071,11015
8600000US13073,13073,ZCTA5 13073,83870
8600000US13077,13077,ZCTA5 13077,78650
8600000US13082,13082,ZCTA5 13082,40175
8600000US13083,13083,ZCTA5 13083,21985
8600000US13087,13087,ZCTA5 13087,1390
8600000US13090,13090,ZCTA5 13090,336930
8600000US13101,13101,ZCTA5 13101,28270
8600000US13102,13102,ZCTA5 13102,-
8600000US13104,13104,ZCTA5 13104,174885
8600000US13108,13108,ZCTA5 13108,71920
8600000US13111,13111,ZCTA5 13111,17435
8600000US13112,13112,ZCTA5 13112,23655
8600000US13113,13113,ZCTA5 13113,2990
8600000US13116,13116,ZCTA5 13116,32450
8600000US13117,13117,ZCTA5 13117,2440
8600000US13120,13120,ZCTA5 13120,17395
8600000US13126,13126,ZCTA5 13126,284560
8600000US13131,13131,ZCTA5 13131,40005
8600000US13132,13132,ZCTA5 13132,32440
8600000US13135,13135,ZCTA5 13135,70015
8600000US13136,13136,ZCTA5 13136,7375
8600000US13138,13138,ZCTA5 13138,-
8600000US13140,13140,ZCTA5 13140,48305
8600000US13141,13141,ZCTA5 13141,7505
8600000US13142,13142,ZCTA5 13142,57110
8600000US13143,13143,ZCTA5 13143,32430
8600000US13144,13144,ZCTA5 13144,22325
8600000US13147,13147,ZCTA5 13147,16035
8600000US13148,13148,ZCTA5 13148,105465
8600000US13152,13152,ZCTA5 13152,90530
8600000US13155,13155,ZCTA5 13155,9820
8600000US13156,13156,ZCTA5 13156,25525
8600000US13157,13157,ZCTA5 13157,6135
8600000US13160,13160,ZCTA5 13160,19180
8600000US13162,13162,ZCTA5 13162,4545
8600000US13164,13164,ZCTA5 13164,30210
8600000US13165,13165,ZCTA5 13165,102795
8600000US13167,13167,ZCTA5 13167,46075
8600000US13202,13202,ZCTA5 13202,31620
8600000US13205,13205,ZCTA5 13205,126680
8600000US13206,13206,ZCTA5 13206,129720
8600000US13207,13207,ZCTA5 13207,100765
8600000US13208,13208,ZCTA5 13208,152760
8600000US13209,13209,ZCTA5 13209,129845
8600000US13210,13210,ZCTA5 13210,149860
8600000US13212,13212,ZCTA5 13212,152945
8600000US13214,13214,ZCTA5 13214,67400
8600000US13215,13215,ZCTA5 13215,158535
8600000US13219,13219,ZCTA5 13219,147010
8600000US13224,13224,ZCTA5 13224,65540
8600000US13290,13290,ZCTA5 13290,-
8600000US13303,13303,ZCTA5 13303,15405
8600000US13304,13304,ZCTA5 13304,24350
8600000US13305,13305,ZCTA5 13305,6315
8600000US13309,13309,ZCTA5 13309,63060
8600000US13313,13313,ZCTA5 13313,4540
8600000US13314,13314,ZCTA5 13314,6280
8600000US13317,13317,ZCTA5 13317,43060
8600000US13318,13318,ZCTA5 13318,14755
8600000US13319,13319,ZCTA5 13319,8230
8600000US13320,13320,ZCTA5 13320,25745
8600000US13322,13322,ZCTA5 13322,8200
8600000US13323,13323,ZCTA5 13323,77525
8600000US13324,13324,ZCTA5 13324,27770
8600000US13326,13326,ZCTA5 13326,45095
8600000US13327,13327,ZCTA5 13327,17970
8600000US13328,13328,ZCTA5 13328,17875
8600000US13332,13332,ZCTA5 13332,23325
8600000US13333,13333,ZCTA5 13333,560
8600000US13334,13334,ZCTA5 13334,12515
8600000US13335,13335,ZCTA5 13335,16420
8600000US13338,13338,ZCTA5 13338,14725
8600000US13339,13339,ZCTA5 13339,66345
8600000US13340,13340,ZCTA5 13340,72730
8600000US13342,13342,ZCTA5 13342,1780
8600000US13343,13343,ZCTA5 13343,18670
8600000US13345,13345,ZCTA5 13345,2550
8600000US13346,13346,ZCTA5 13346,33300
8600000US13350,13350,ZCTA5 13350,87755
8600000US13352,13352,ZCTA5 13352,1155
8600000US13353,13353,ZCTA5 13353,575
8600000US13355,13355,ZCTA5 13355,6810
8600000US13360,13360,ZCTA5 13360,3605
8600000US13362,13362,ZCTA5 13362,1655
8600000US13363,13363,ZCTA5 13363,25610
8600000US13365,13365,ZCTA5 13365,79760
8600000US13367,13367,ZCTA5 13367,75860
8600000US13403,13403,ZCTA5 13403,42280
8600000US13404,13404,ZCTA5 13404,1105
8600000US13406,13406,ZCTA5 13406,8055
8600000US13408,13408,ZCTA5 13408,22910
8600000US13410,13410,ZCTA5 13410,2565
8600000US13411,13411,ZCTA5 13411,27450
8600000US13413,13413,ZCTA5 13413,127765
8600000US13416,13416,ZCTA5 13416,35360
8600000US13424,13424,ZCTA5 13424,13500
8600000US13440,13440,ZCTA5 13440,329930
8600000US13441,13441,ZCTA5 13441,-
8600000US13454,13454,ZCTA5 13454,7635
8600000US13461,13461,ZCTA5 13461,33350
8600000US13464,13464,ZCTA5 13464,11210
8600000US13469,13469,ZCTA5 13469,8540
8600000US13470,13470,ZCTA5 13470,9660
8600000US13472,13472,ZCTA5 13472,1265
8600000US13473,13473,ZCTA5 13473,8940
8600000US13477,13477,ZCTA5 13477,16925
8600000US13478,13478,ZCTA5 13478,26765
8600000US13480,13480,ZCTA5 13480,37290
8600000US13483,13483,ZCTA5 13483,3455
8600000US13485,13485,ZCTA5 13485,11805
8600000US13488,13488,ZCTA5 13488,1390
8600000US13490,13490,ZCTA5 13490,19385
8600000US13491,13491,ZCTA5 13491,40305
8600000US13492,13492,ZCTA5 13492,92065
8600000US13493,13493,ZCTA5 13493,25915
8600000US13494,13494,ZCTA5 13494,2895
8600000US13501,13501,ZCTA5 13501,258305
8600000US13502,13502,ZCTA5 13502,217410
8600000US13601,13601,ZCTA5 13601,264835
8600000US13603,13603,ZCTA5 13603,49185
8600000US13605,13605,ZCTA5 13605,53385
8600000US13612,13612,ZCTA5 13612,19265
8600000US13613,13613,ZCTA5 13613,22355
8600000US13616,13616,ZCTA5 13616,10840
8600000US13617,13617,ZCTA5 13617,68070
8600000US13618,13618,ZCTA5 13618,17900
8600000US13619,13619,ZCTA5 13619,96365
8600000US13622,13622,ZCTA5 13622,26030
8600000US13624,13624,ZCTA5 13624,50300
8600000US13633,13633,ZCTA5 13633,6415
8600000US13634,13634,ZCTA5 13634,45190
8600000US13636,13636,ZCTA5 13636,3030
8600000US13637,13637,ZCTA5 13637,30745
8600000US13639,13639,ZCTA5 13639,3945
8600000US13642,13642,ZCTA5 13642,85240
8600000US13643,13643,ZCTA5 13643,-
8600000US13647,13647,ZCTA5 13647,405
8600000US13648,13648,ZCTA5 13648,26060
8600000US13651,13651,ZCTA5 13651,1350
8600000US13652,13652,ZCTA5 13652,22465
8600000US13658,13658,ZCTA5 13658,17410
8600000US13659,13659,ZCTA5 13659,6435
8600000US13661,13661,ZCTA5 13661,15125
8600000US13664,13664,ZCTA5 13664,4800
8600000US13666,13666,ZCTA5 13666,1645
8600000US13667,13667,ZCTA5 13667,27225
8600000US13669,13669,ZCTA5 13669,95145
8600000US13672,13672,ZCTA5 13672,11135
8600000US13676,13676,ZCTA5 13676,103135
8600000US13678,13678,ZCTA5 13678,1265
8600000US13682,13682,ZCTA5 13682,10095
8600000US13684,13684,ZCTA5 13684,18125
8600000US13690,13690,ZCTA5 13690,7680
8600000US13697,13697,ZCTA5 13697,19250
8600000US13732,13732,ZCTA5 13732,77150
8600000US13733,13733,ZCTA5 13733,57090
8600000US13734,13734,ZCTA5 13734,24260
8600000US13739,13739,ZCTA5 13739,9190
8600000US13748,13748,ZCTA5 13748,40250
8600000US13751,13751,ZCTA5 13751,2110
8600000US13754,13754,ZCTA5 13754,32670
8600000US13755,13755,ZCTA5 13755,15205
8600000US13760,13760,ZCTA5 13760,367120
8600000US13777,13777,ZCTA5 13777,6760
8600000US13778,13778,ZCTA5 13778,67060
8600000US13780,13780,ZCTA5 13780,12120
8600000US13782,13782,ZCTA5 13782,7455
8600000US13783,13783,ZCTA5 13783,23465
8600000US13784,13784,ZCTA5 13784,1420
8600000US13786,13786,ZCTA5 13786,3525
8600000US13790,13790,ZCTA5 13790,131665
8600000US13794,13794,ZCTA5 13794,480
8600000US13795,13795,ZCTA5 13795,35830
8600000US13802,13802,ZCTA5 13802,5600
8600000US13803,13803,ZCTA5 13803,46105
8600000US13804,13804,ZCTA5 13804,6485
8600000US13806,13806,ZCTA5 13806,1975
8600000US13809,13809,ZCTA5 13809,17685
8600000US13810,13810,ZCTA5 13810,8860
8600000US13811,13811,ZCTA5 13811,66370
8600000US13812,13812,ZCTA5 13812,19930
8600000US13813,13813,ZCTA5 13813,4935
8600000US13815,13815,ZCTA5 13815,95475
8600000US13825,13825,ZCTA5 13825,34815
8600000US13826,13826,ZCTA5 13826,-
8600000US13827,13827,ZCTA5 13827,127640
8600000US13832,13832,ZCTA5 13832,5825
8600000US13835,13835,ZCTA5 13835,16990
8600000US13838,13838,ZCTA5 13838,33050
8600000US13839,13839,ZCTA5 13839,10820
8600000US13842,13842,ZCTA5 13842,6220
8600000US13844,13844,ZCTA5 13844,6825
8600000US13845,13845,ZCTA5 13845,-
8600000US13846,13846,ZCTA5 13846,1850
8600000US13849,13849,ZCTA5 13849,45465
8600000US13850,13850,ZCTA5 13850,198180
8600000US13859,13859,ZCTA5 13859,2110
8600000US13862,13862,ZCTA5 13862,54920
8600000US13864,13864,ZCTA5 13864,11835
8600000US13865,13865,ZCTA5 13865,71200
8600000US13901,13901,ZCTA5 13901,154715
8600000US13902,13902,ZCTA5 13902,12835
8600000US13903,13903,ZCTA5 13903,162030
8600000US13904,13904,ZCTA5 13904,71670
8600000US13905,13905,ZCTA5 13905,194990
8600000US14004,14004,ZCTA5 14004,141175
8600000US14005,14005,ZCTA5 14005,25740
8600000US14006,14006,ZCTA5 14006,127635
8600000US14009,14009,ZCTA5 14009,56295
8600000US14011,14011,ZCTA5 14011,71020
8600000US14012,14012,ZCTA5 14012,24655
8600000US14020,14020,ZCTA5 14020,190925
8600000US14024,14024,ZCTA5 14024,25480
8600000US14025,14025,ZCTA5 14025,44395
8600000US14028,14028,ZCTA5 14028,17815
8600000US14032,14032,ZCTA5 14032,82960
8600000US14033,14033,ZCTA5 14033,34825
8600000US14034,14034,ZCTA5 14034,19770
8600000US14037,14037,ZCTA5 14037,13960
8600000US14039,14039,ZCTA5 14039,2290
8600000US14040,14040,ZCTA5 14040,28890
8600000US14042,14042,ZCTA5 14042,35570
8600000US14043,14043,ZCTA5 14043,227475
8600000US14047,14047,ZCTA5 14047,77440
8600000US14048,14048,ZCTA5 14048,87190
8600000US14051,14051,ZCTA5 14051,233675
8600000US14052,14052,ZCTA5 14052,181850
8600000US14054,14054,ZCTA5 14054,15850
8600000US14057,14057,ZCTA5 14057,115290
8600000US14060,14060,ZCTA5 14060,6115
8600000US14061,14061,ZCTA5 14061,5535
8600000US14063,14063,ZCTA5 14063,91225
8600000US14066,14066,ZCTA5 14066,14060
8600000US14069,14069,ZCTA5 14069,12005
8600000US14072,14072,ZCTA5 14072,208245
8600000US14075,14075,ZCTA5 14075,453670
8600000US14081,14081,ZCTA5 14081,31100
8600000US14082,14082,ZCTA5 14082,4565
8600000US14085,14085,ZCTA5 14085,97670
8600000US14086,14086,ZCTA5 14086,390960
8600000US14091,14091,ZCTA5 14091,12070
8600000US14092,14092,ZCTA5 14092,99780
8600000US14094,14094,ZCTA5 14094,510460
8600000US14098,14098,ZCTA5 14098,34100
8600000US14101,14101,ZCTA5 14101,28170
8600000US14102,14102,ZCTA5 14102,22705
8600000US14109,14109,ZCTA5 14109,3205
8600000US14111,14111,ZCTA5 14111,41430
8600000US14112,14112,ZCTA5 14112,-
8600000US14113,14113,ZCTA5 14113,10795
8600000US14120,14120,ZCTA5 14120,466420
8600000US14126,14126,ZCTA5 14126,6040
8600000US14127,14127,ZCTA5 14127,324320
8600000US14130,14130,ZCTA5 14130,2305
8600000US14131,14131,ZCTA5 14131,67740
8600000US14135,14135,ZCTA5 14135,555
8600000US14139,14139,ZCTA5 14139,28550
8600000US14143,14143,ZCTA5 14143,13675
8600000US14150,14150,ZCTA5 14150,387830
8600000US14167,14167,ZCTA5 14167,27000
8600000US14169,14169,ZCTA5 14169,2355
8600000US14171,14171,ZCTA5 14171,25860
8600000US14172,14172,ZCTA5 14172,33740
8600000US14173,14173,ZCTA5 14173,2415
8600000US14174,14174,ZCTA5 14174,56335
8600000US14201,14201,ZCTA5 14201,128155
8600000US14206,14206,ZCTA5 14206,180335
8600000US14210,14210,ZCTA5 14210,106275
8600000US14211,14211,ZCTA5 14211,153255
8600000US14213,14213,ZCTA5 14213,201325
8600000US14214,14214,ZCTA5 14214,164865
8600000US14215,14215,ZCTA5 14215,302860
8600000US14216,14216,ZCTA5 14216,249775
8600000US14217,14217,ZCTA5 14217,228490
8600000US14220,14220,ZCTA5 14220,246085
8600000US14221,14221,ZCTA5 14221,505735
8600000US14222,14222,ZCTA5 14222,136770
8600000US14223,14223,ZCTA5 14223,233935
8600000US14224,14224,ZCTA5 14224,417700
8600000US14225,14225,ZCTA5 14225,304505
8600000US14226,14226,ZCTA5 14226,232350
8600000US14228,14228,ZCTA5 14228,205710
8600000US14261,14261,ZCTA5 14261,17610
8600000US14301,14301,ZCTA5 14301,78205
8600000US14302,14302,ZCTA5 14302,-
8600000US14303,14303,ZCTA5 14303,42230
8600000US14304,14304,ZCTA5 14304,252430
8600000US14414,14414,ZCTA5 14414,99055
8600000US14415,14415,ZCTA5 14415,1875
8600000US14416,14416,ZCTA5 14416,37350
8600000US14422,14422,ZCTA5 14422,30265
8600000US14423,14423,ZCTA5 14423,56925
8600000US14424,14424,ZCTA5 14424,289605
8600000US14427,14427,ZCTA5 14427,21820
8600000US14432,14432,ZCTA5 14432,54665
8600000US14437,14437,ZCTA5 14437,106645
8600000US14441,14441,ZCTA5 14441,4690
8600000US14445,14445,ZCTA5 14445,75150
8600000US14450,14450,ZCTA5 14450,404430
8600000US14454,14454,ZCTA5 14454,88330
8600000US14456,14456,ZCTA5 14456,156595
8600000US14462,14462,ZCTA5 14462,8245
8600000US14464,14464,ZCTA5 14464,102755
8600000US14468,14468,ZCTA5 14468,252850
8600000US14470,14470,ZCTA5 14470,116465
8600000US14471,14471,ZCTA5 14471,43170
8600000US14472,14472,ZCTA5 14472,92935
8600000US14476,14476,ZCTA5 14476,27015
8600000US14479,14479,ZCTA5 14479,2995
8600000US14480,14480,ZCTA5 14480,6820
8600000US14481,14481,ZCTA5 14481,17360
8600000US14482,14482,ZCTA5 14482,96070
8600000US14486,14486,ZCTA5 14486,2675
8600000US14489,14489,ZCTA5 14489,69055
8600000US14505,14505,ZCTA5 14505,62630
8600000US14507,14507,ZCTA5 14507,20210
8600000US14511,14511,ZCTA5 14511,3275
8600000US14512,14512,ZCTA5 14512,59415
8600000US14513,14513,ZCTA5 14513,107465
8600000US14516,14516,ZCTA5 14516,31510
8600000US14517,14517,ZCTA5 14517,38890
8600000US14521,14521,ZCTA5 14521,30020
8600000US14522,14522,ZCTA5 14522,110485
8600000US14525,14525,ZCTA5 14525,30650
8600000US14527,14527,ZCTA5 14527,102460
8600000US14530,14530,ZCTA5 14530,58870
8600000US14534,14534,ZCTA5 14534,277890
8600000US14537,14537,ZCTA5 14537,2675
8600000US14539,14539,ZCTA5 14539,2855
8600000US14541,14541,ZCTA5 14541,22740
8600000US14542,14542,ZCTA5 14542,275
8600000US14543,14543,ZCTA5 14543,38725
8600000US14546,14546,ZCTA5 14546,55960
8600000US14548,14548,ZCTA5 14548,43720
8600000US14549,14549,ZCTA5 14549,215
8600000US14559,14559,ZCTA5 14559,193975
8600000US14564,14564,ZCTA5 14564,146055
8600000US14569,14569,ZCTA5 14569,64025
8600000US14572,14572,ZCTA5 14572,62360
8600000US14580,14580,ZCTA5 14580,499530
8600000US14590,14590,ZCTA5 14590,55435
8600000US14591,14591,ZCTA5 14591,18190
8600000US14592,14592,ZCTA5 14592,2625
8600000US14604,14604,ZCTA5 14604,10290
8600000US14605,14605,ZCTA5 14605,75620
8600000US14607,14607,ZCTA5 14607,208475
8600000US14609,14609,ZCTA5 14609,368365
8600000US14610,14610,ZCTA5 14610,113080
8600000US14611,14611,ZCTA5 14611,107255
8600000US14612,14612,ZCTA5 14612,368730
8600000US14616,14616,ZCTA5 14616,272965
8600000US14618,14618,ZCTA5 14618,159995
8600000US14619,14619,ZCTA5 14619,102780
8600000US14620,14620,ZCTA5 14620,202745
8600000US14622,14622,ZCTA5 14622,122075
8600000US14623,14623,ZCTA5 14623,197230
8600000US14624,14624,ZCTA5 14624,344465
8600000US14626,14626,ZCTA5 14626,268465
8600000US14701,14701,ZCTA5 14701,248825
8600000US14706,14706,ZCTA5 14706,55735
8600000US14707,14707,ZCTA5 14707,1650
8600000US14709,14709,ZCTA5 14709,14245
8600000US14710,14710,ZCTA5 14710,34060
8600000US14711,14711,ZCTA5 14711,18430
8600000US14712,14712,ZCTA5 14712,29750
8600000US14715,14715,ZCTA5 14715,26690
8600000US14716,14716,ZCTA5 14716,16950
8600000US14717,14717,ZCTA5 14717,5390
8600000US14718,14718,ZCTA5 14718,22565
8600000US14719,14719,ZCTA5 14719,39405
8600000US14721,14721,ZCTA5 14721,2020
8600000US14723,14723,ZCTA5 14723,12930
8600000US14724,14724,ZCTA5 14724,25260
8600000US14726,14726,ZCTA5 14726,15050
8600000US14727,14727,ZCTA5 14727,49670
8600000US14729,14729,ZCTA5 14729,12985
8600000US14731,14731,ZCTA5 14731,17975
8600000US14733,14733,ZCTA5 14733,25045
8600000US14735,14735,ZCTA5 14735,29945
8600000US14737,14737,ZCTA5 14737,43380
8600000US14738,14738,ZCTA5 14738,32010
8600000US14739,14739,ZCTA5 14739,24155
8600000US14740,14740,ZCTA5 14740,12495
8600000US14741,14741,ZCTA5 14741,23625
8600000US14742,14742,ZCTA5 14742,2080
8600000US14743,14743,ZCTA5 14743,16435
8600000US14744,14744,ZCTA5 14744,10090
8600000US14747,14747,ZCTA5 14747,21635
8600000US14750,14750,ZCTA5 14750,33955
8600000US14753,14753,ZCTA5 14753,9930
8600000US14754,14754,ZCTA5 14754,7970
8600000US14755,14755,ZCTA5 14755,33655
8600000US14757,14757,ZCTA5 14757,26330
8600000US14760,14760,ZCTA5 14760,129860
8600000US14767,14767,ZCTA5 14767,17300
8600000US14769,14769,ZCTA5 14769,8995
8600000US14770,14770,ZCTA5 14770,29045
8600000US14772,14772,ZCTA5 14772,34340
8600000US14775,14775,ZCTA5 14775,25930
8600000US14778,14778,ZCTA5 14778,2710
8600000US14779,14779,ZCTA5 14779,39925
8600000US14781,14781,ZCTA5 14781,18325
8600000US14782,14782,ZCTA5 14782,24720
8600000US14787,14787,ZCTA5 14787,43880
8600000US14801,14801,ZCTA5 14801,59390
8600000US14803,14803,ZCTA5 14803,7825
8600000US14804,14804,ZCTA5 14804,14630
8600000US14806,14806,ZCTA5 14806,20150
8600000US14807,14807,ZCTA5 14807,27365
8600000US14810,14810,ZCTA5 14810,85515
8600000US14812,14812,ZCTA5 14812,38365
8600000US14813,14813,ZCTA5 14813,24360
8600000US14814,14814,ZCTA5 14814,16455
8600000US14815,14815,ZCTA5 14815,9005
8600000US14816,14816,ZCTA5 14816,4540
8600000US14817,14817,ZCTA5 14817,27300
8600000US14818,14818,ZCTA5 14818,27650
8600000US14819,14819,ZCTA5 14819,8330
8600000US14821,14821,ZCTA5 14821,31800
8600000US14822,14822,ZCTA5 14822,13960
8600000US14823,14823,ZCTA5 14823,38860
8600000US14824,14824,ZCTA5 14824,6870
8600000US14825,14825,ZCTA5 14825,7610
8600000US14830,14830,ZCTA5 14830,163905
8600000US14837,14837,ZCTA5 14837,45555
8600000US14838,14838,ZCTA5 14838,27545
8600000US14839,14839,ZCTA5 14839,9085
8600000US14840,14840,ZCTA5 14840,33200
8600000US14841,14841,ZCTA5 14841,13265
8600000US14843,14843,ZCTA5 14843,96600
8600000US14845,14845,ZCTA5 14845,179525
8600000US14846,14846,ZCTA5 14846,9340
8600000US14847,14847,ZCTA5 14847,31740
8600000US14850,14850,ZCTA5 14850,445315
8600000US14855,14855,ZCTA5 14855,7675
8600000US14858,14858,ZCTA5 14858,20245
8600000US14859,14859,ZCTA5 14859,11380
8600000US14860,14860,ZCTA5 14860,18450
8600000US14861,14861,ZCTA5 14861,12325
8600000US14864,14864,ZCTA5 14864,14420
8600000US14870,14870,ZCTA5 14870,77655
8600000US14871,14871,ZCTA5 14871,49280
8600000US14872,14872,ZCTA5 14872,8120
8600000US14873,14873,ZCTA5 14873,29235
8600000US14874,14874,ZCTA5 14874,2755
8600000US14877,14877,ZCTA5 14877,5045
8600000US14879,14879,ZCTA5 14879,21350
8600000US14880,14880,ZCTA5 14880,8600
8600000US14882,14882,ZCTA5 14882,36535
8600000US14883,14883,ZCTA5 14883,44620
8600000US14885,14885,ZCTA5 14885,10555
8600000US14886,14886,ZCTA5 14886,80305
8600000US14889,14889,ZCTA5 14889,22260
8600000US14891,14891,ZCTA5 14891,37380
8600000US14892,14892,ZCTA5 14892,66335
8600000US14894,14894,ZCTA5 14894,12980
8600000US14895,14895,ZCTA5 14895,76370
8600000US14897,14897,ZCTA5 14897,7490
8600000US14898,14898,ZCTA5 14898,18650
8600000US14901,14901,ZCTA5 14901,80980
8600000US14903,14903,ZCTA5 14903,59600
8600000US14904,14904,ZCTA5 14904,123840
8600000US14905,14905,ZCTA5 14905,76790
