GEO.id,GEO.id2,GEO.display-label,HD01_VD09,HD01_VD16,HD01_VD23,HD01_VD30,HD01_VD44
Id,Id2,Geography,"Estimate; Total: - Car, truck, or van - drove alone:","Estimate; Total: - Car, truck, or van - carpooled:",Estimate; Total: - Public transportation (excluding taxicab):,Estimate; Total: - Walked:,Estimate; Total: - Worked at home:
0100000US,,United States,111448640,13588601,7476312,4030730,6661892
8600000US06390,6390,ZCTA5 06390,47,49,24,51,7
8600000US07421,7421,ZCTA5 07421,3244,236,159,33,194
8600000US10001,10001,ZCTA5 10001,476,142,5878,5184,895
8600000US10002,10002,ZCTA5 10002,1942,1064,18582,8673,1608
8600000US10003,10003,ZCTA5 10003,1347,534,18064,8534,2631
8600000US10004,10004,ZCTA5 10004,138,11,1272,427,155
8600000US10005,10005,ZCTA5 10005,81,5,4253,2101,216
8600000US10006,10006,ZCTA5 10006,47,74,1234,900,158
8600000US10007,10007,ZCTA5 10007,306,15,1935,865,218
8600000US10009,10009,ZCTA5 10009,1665,546,19766,7144,1771
8600000US10010,10010,ZCTA5 10010,802,189,11136,4939,1523
8600000US10011,10011,ZCTA5 10011,1611,291,18007,8146,2477
8600000US10012,10012,ZCTA5 10012,644,225,7976,4653,928
8600000US10013,10013,ZCTA5 10013,688,204,7407,4556,1330
8600000US10014,10014,ZCTA5 10014,1011,293,11057,4822,2414
8600000US10016,10016,ZCTA5 10016,864,531,12636,14263,2335
8600000US10017,10017,ZCTA5 10017,592,77,4189,5424,811
8600000US10018,10018,ZCTA5 10018,209,40,3107,2857,336
8600000US10019,10019,ZCTA5 10019,1150,228,11534,9429,1861
8600000US10020,10020,ZCTA5 10020,0,0,0,0,0
8600000US10021,10021,ZCTA5 10021,2190,659,11275,7042,1699
8600000US10022,10022,ZCTA5 10022,1556,352,7637,6643,1821
8600000US10023,10023,ZCTA5 10023,1540,490,20946,5813,2956
8600000US10024,10024,ZCTA5 10024,1608,559,24331,2546,2908
8600000US10025,10025,ZCTA5 10025,3147,944,32342,5117,3521
8600000US10026,10026,ZCTA5 10026,1003,135,14096,1223,1304
8600000US10027,10027,ZCTA5 10027,1986,299,18120,3814,1917
8600000US10028,10028,ZCTA5 10028,2160,205,18308,4070,2506
8600000US10029,10029,ZCTA5 10029,2080,256,22036,5504,1309
8600000US10030,10030,ZCTA5 10030,1085,414,9495,1105,748
8600000US10031,10031,ZCTA5 10031,2113,552,24078,1864,1747
8600000US10032,10032,ZCTA5 10032,2365,1202,19488,3995,1710
8600000US10033,10033,ZCTA5 10033,2094,1410,18777,3242,1429
8600000US10034,10034,ZCTA5 10034,2457,645,14039,1982,1221
8600000US10035,10035,ZCTA5 10035,1179,227,9307,1278,442
8600000US10036,10036,ZCTA5 10036,666,186,8174,6985,1087
8600000US10037,10037,ZCTA5 10037,613,127,6136,918,396
8600000US10038,10038,ZCTA5 10038,521,62,6566,3533,778
8600000US10039,10039,ZCTA5 10039,1031,253,8103,878,381
8600000US10040,10040,ZCTA5 10040,1572,733,14987,2361,1536
8600000US10044,10044,ZCTA5 10044,260,14,4376,288,87
8600000US10065,10065,ZCTA5 10065,1425,265,6803,6659,1566
8600000US10069,10069,ZCTA5 10069,138,30,2171,332,197
8600000US10075,10075,ZCTA5 10075,1324,246,7421,2405,1057
8600000US10103,10103,ZCTA5 10103,0,0,0,0,0
8600000US10110,10110,ZCTA5 10110,0,0,0,0,0
8600000US10111,10111,ZCTA5 10111,0,0,0,0,0
8600000US10112,10112,ZCTA5 10112,0,0,0,0,0
8600000US10115,10115,ZCTA5 10115,0,0,0,0,0
8600000US10119,10119,ZCTA5 10119,0,0,0,0,0
8600000US10128,10128,ZCTA5 10128,1974,814,24211,4486,3278
8600000US10152,10152,ZCTA5 10152,0,0,0,0,0
8600000US10153,10153,ZCTA5 10153,0,0,0,0,0
8600000US10154,10154,ZCTA5 10154,0,0,0,0,0
8600000US10162,10162,ZCTA5 10162,100,0,356,86,95
8600000US10165,10165,ZCTA5 10165,0,0,0,0,0
8600000US10167,10167,ZCTA5 10167,0,0,0,0,0
8600000US10168,10168,ZCTA5 10168,0,0,0,0,0
8600000US10169,10169,ZCTA5 10169,0,0,0,0,0
8600000US10170,10170,ZCTA5 10170,0,0,0,0,0
8600000US10171,10171,ZCTA5 10171,0,0,0,0,0
8600000US10172,10172,ZCTA5 10172,0,0,0,0,0
8600000US10173,10173,ZCTA5 10173,0,0,0,0,0
8600000US10174,10174,ZCTA5 10174,0,0,0,0,0
8600000US10177,10177,ZCTA5 10177,0,0,0,0,0
8600000US10199,10199,ZCTA5 10199,0,0,0,0,0
8600000US10271,10271,ZCTA5 10271,0,0,0,0,0
8600000US10278,10278,ZCTA5 10278,0,0,0,0,0
8600000US10279,10279,ZCTA5 10279,0,0,0,0,0
8600000US10280,10280,ZCTA5 10280,489,63,3249,1738,340
8600000US10282,10282,ZCTA5 10282,104,84,1315,1093,151
8600000US10301,10301,ZCTA5 10301,6735,888,7153,883,549
8600000US10302,10302,ZCTA5 10302,3736,371,2401,276,204
8600000US10303,10303,ZCTA5 10303,4645,700,3878,268,73
8600000US10304,10304,ZCTA5 10304,8358,1022,6712,387,585
8600000US10305,10305,ZCTA5 10305,8850,1260,6822,696,596
8600000US10306,10306,ZCTA5 10306,14196,2078,6909,543,504
8600000US10307,10307,ZCTA5 10307,4505,357,1242,53,176
8600000US10308,10308,ZCTA5 10308,8497,1198,3834,191,245
8600000US10309,10309,ZCTA5 10309,10113,1062,3565,235,188
8600000US10310,10310,ZCTA5 10310,5288,1060,2906,390,231
8600000US10311,10311,ZCTA5 10311,0,0,0,0,0
8600000US10312,10312,ZCTA5 10312,18092,2189,6399,232,818
8600000US10314,10314,ZCTA5 10314,23646,3647,10518,824,976
8600000US10451,10451,ZCTA5 10451,2198,237,12134,1815,639
8600000US10452,10452,ZCTA5 10452,4156,1154,19401,2090,922
8600000US10453,10453,ZCTA5 10453,4401,1277,20058,2565,1282
8600000US10454,10454,ZCTA5 10454,1237,363,9163,1335,313
8600000US10455,10455,ZCTA5 10455,1946,347,10137,1359,576
8600000US10456,10456,ZCTA5 10456,4681,1314,21313,2968,949
8600000US10457,10457,ZCTA5 10457,4026,846,16753,1968,1188
8600000US10458,10458,ZCTA5 10458,4626,959,20705,4047,1195
8600000US10459,10459,ZCTA5 10459,2176,662,11520,994,666
8600000US10460,10460,ZCTA5 10460,3819,961,14007,1341,571
8600000US10461,10461,ZCTA5 10461,7969,1875,10141,1854,601
8600000US10462,10462,ZCTA5 10462,7296,1953,22815,2503,933
8600000US10463,10463,ZCTA5 10463,7551,1542,17950,2494,1498
8600000US10464,10464,ZCTA5 10464,1187,81,362,159,72
8600000US10465,10465,ZCTA5 10465,9879,1893,6320,992,567
8600000US10466,10466,ZCTA5 10466,10651,1637,15577,1462,715
8600000US10467,10467,ZCTA5 10467,8251,1475,25358,3130,1147
8600000US10468,10468,ZCTA5 10468,4425,1268,21998,2851,1304
8600000US10469,10469,ZCTA5 10469,11738,2096,14120,1480,807
8600000US10470,10470,ZCTA5 10470,2333,454,3333,524,147
8600000US10471,10471,ZCTA5 10471,3434,615,4196,677,675
8600000US10472,10472,ZCTA5 10472,4687,994,17331,1629,654
8600000US10473,10473,ZCTA5 10473,8027,1338,11563,1208,219
8600000US10474,10474,ZCTA5 10474,778,144,2370,605,184
8600000US10475,10475,ZCTA5 10475,6261,654,10867,908,176
8600000US10501,10501,ZCTA5 10501,527,48,36,0,10
8600000US10502,10502,ZCTA5 10502,1871,202,516,81,154
8600000US10503,10503,ZCTA5 10503,38,0,36,0,0
8600000US10504,10504,ZCTA5 10504,2529,27,675,13,401
8600000US10505,10505,ZCTA5 10505,223,54,43,0,19
8600000US10506,10506,ZCTA5 10506,1591,95,413,29,394
8600000US10507,10507,ZCTA5 10507,1565,167,459,123,108
8600000US10509,10509,ZCTA5 10509,7377,1180,923,92,500
8600000US10510,10510,ZCTA5 10510,2658,230,1265,110,443
8600000US10511,10511,ZCTA5 10511,951,98,91,0,32
8600000US10512,10512,ZCTA5 10512,9595,866,783,62,611
8600000US10514,10514,ZCTA5 10514,2911,223,1995,72,589
8600000US10516,10516,ZCTA5 10516,1721,169,576,117,312
8600000US10517,10517,ZCTA5 10517,285,15,0,0,0
8600000US10518,10518,ZCTA5 10518,443,28,137,35,66
8600000US10519,10519,ZCTA5 10519,0,43,0,0,30
8600000US10520,10520,ZCTA5 10520,3748,260,1411,161,484
8600000US10522,10522,ZCTA5 10522,3070,728,1299,338,293
8600000US10523,10523,ZCTA5 10523,3169,614,789,318,144
8600000US10524,10524,ZCTA5 10524,1254,136,318,20,275
8600000US10526,10526,ZCTA5 10526,470,31,99,0,75
8600000US10527,10527,ZCTA5 10527,315,0,62,0,11
8600000US10528,10528,ZCTA5 10528,3596,222,1617,279,300
8600000US10530,10530,ZCTA5 10530,3955,436,1712,134,552
8600000US10532,10532,ZCTA5 10532,1794,125,265,20,108
8600000US10533,10533,ZCTA5 10533,2196,202,833,95,270
8600000US10535,10535,ZCTA5 10535,288,53,0,0,0
8600000US10536,10536,ZCTA5 10536,3230,276,813,93,642
8600000US10537,10537,ZCTA5 10537,555,95,92,0,34
8600000US10538,10538,ZCTA5 10538,3065,216,3356,205,987
8600000US10541,10541,ZCTA5 10541,10647,1455,799,176,534
8600000US10543,10543,ZCTA5 10543,5470,484,2616,719,417
8600000US10545,10545,ZCTA5 10545,0,0,0,36,8
8600000US10546,10546,ZCTA5 10546,478,22,120,0,35
8600000US10547,10547,ZCTA5 10547,2818,300,377,274,48
8600000US10548,10548,ZCTA5 10548,1168,178,259,8,68
8600000US10549,10549,ZCTA5 10549,4901,754,1254,661,410
8600000US10550,10550,ZCTA5 10550,8083,1412,4869,1596,394
8600000US10552,10552,ZCTA5 10552,5887,606,2741,301,387
8600000US10553,10553,ZCTA5 10553,2920,221,1520,115,49
8600000US10560,10560,ZCTA5 10560,1691,77,233,41,309
8600000US10562,10562,ZCTA5 10562,9034,2492,2039,1095,696
8600000US10566,10566,ZCTA5 10566,6707,1974,2068,690,382
8600000US10567,10567,ZCTA5 10567,7252,509,1405,95,451
8600000US10570,10570,ZCTA5 10570,4114,382,987,304,320
8600000US10573,10573,ZCTA5 10573,10549,1793,3545,1646,631
8600000US10576,10576,ZCTA5 10576,1286,92,463,100,429
8600000US10577,10577,ZCTA5 10577,829,213,349,615,354
8600000US10578,10578,ZCTA5 10578,451,0,53,0,8
8600000US10579,10579,ZCTA5 10579,3575,369,499,12,192
8600000US10580,10580,ZCTA5 10580,3313,311,2311,233,571
8600000US10583,10583,ZCTA5 10583,8850,955,6574,240,1478
8600000US10588,10588,ZCTA5 10588,995,72,65,0,115
8600000US10589,10589,ZCTA5 10589,2842,127,275,31,240
8600000US10590,10590,ZCTA5 10590,2506,141,338,64,269
8600000US10591,10591,ZCTA5 10591,6246,691,2609,999,605
8600000US10594,10594,ZCTA5 10594,1973,116,224,24,128
8600000US10595,10595,ZCTA5 10595,2121,290,492,260,174
8600000US10596,10596,ZCTA5 10596,516,86,79,21,37
8600000US10597,10597,ZCTA5 10597,540,0,58,0,0
8600000US10598,10598,ZCTA5 10598,11772,901,969,173,757
8600000US10601,10601,ZCTA5 10601,2771,341,1367,807,287
8600000US10603,10603,ZCTA5 10603,6630,782,1570,404,375
8600000US10604,10604,ZCTA5 10604,3792,575,631,279,178
8600000US10605,10605,ZCTA5 10605,5782,818,1439,407,384
8600000US10606,10606,ZCTA5 10606,4720,1087,1890,878,397
8600000US10607,10607,ZCTA5 10607,2781,194,520,80,213
8600000US10701,10701,ZCTA5 10701,12339,2438,7348,1263,801
8600000US10703,10703,ZCTA5 10703,5165,1149,1691,256,225
8600000US10704,10704,ZCTA5 10704,9509,1488,4331,655,327
8600000US10705,10705,ZCTA5 10705,7871,1235,5857,1368,397
8600000US10706,10706,ZCTA5 10706,2329,232,1255,198,399
8600000US10707,10707,ZCTA5 10707,2815,182,1350,201,292
8600000US10708,10708,ZCTA5 10708,5336,523,3746,544,562
8600000US10709,10709,ZCTA5 10709,3160,137,969,164,214
8600000US10710,10710,ZCTA5 10710,8731,1513,2353,395,378
8600000US10801,10801,ZCTA5 10801,10424,1925,4730,1901,794
8600000US10803,10803,ZCTA5 10803,3044,501,1897,174,254
8600000US10804,10804,ZCTA5 10804,4180,338,1491,141,872
8600000US10805,10805,ZCTA5 10805,5212,898,1522,627,317
8600000US10901,10901,ZCTA5 10901,8357,835,1279,208,632
8600000US10910,10910,ZCTA5 10910,27,0,0,0,0
8600000US10911,10911,ZCTA5 10911,0,0,0,0,0
8600000US10913,10913,ZCTA5 10913,1988,333,167,79,82
8600000US10914,10914,ZCTA5 10914,206,0,0,0,0
8600000US10915,10915,ZCTA5 10915,0,14,0,0,0
8600000US10916,10916,ZCTA5 10916,1504,140,62,0,66
8600000US10917,10917,ZCTA5 10917,714,186,57,0,14
8600000US10918,10918,ZCTA5 10918,4640,389,544,96,511
8600000US10919,10919,ZCTA5 10919,437,52,4,0,35
8600000US10920,10920,ZCTA5 10920,3549,269,266,9,228
8600000US10921,10921,ZCTA5 10921,1538,198,29,24,90
8600000US10922,10922,ZCTA5 10922,875,70,45,13,62
8600000US10923,10923,ZCTA5 10923,3483,435,361,52,145
8600000US10924,10924,ZCTA5 10924,4873,406,243,130,510
8600000US10925,10925,ZCTA5 10925,1636,247,173,40,126
8600000US10926,10926,ZCTA5 10926,1235,166,217,79,44
8600000US10927,10927,ZCTA5 10927,3388,1192,794,167,156
8600000US10928,10928,ZCTA5 10928,1830,127,96,125,75
8600000US10930,10930,ZCTA5 10930,3479,333,209,16,281
8600000US10931,10931,ZCTA5 10931,298,31,41,5,25
8600000US10932,10932,ZCTA5 10932,21,0,0,0,0
8600000US10933,10933,ZCTA5 10933,378,0,0,0,10
8600000US10940,10940,ZCTA5 10940,16589,2898,780,604,725
8600000US10941,10941,ZCTA5 10941,5247,753,201,45,141
8600000US10950,10950,ZCTA5 10950,10750,2161,1990,1416,754
8600000US10952,10952,ZCTA5 10952,6932,1635,1121,1200,1108
8600000US10953,10953,ZCTA5 10953,89,0,0,0,0
8600000US10954,10954,ZCTA5 10954,8568,967,1184,166,538
8600000US10956,10956,ZCTA5 10956,11482,1563,1059,100,629
8600000US10958,10958,ZCTA5 10958,1229,165,14,35,22
8600000US10960,10960,ZCTA5 10960,5720,522,711,414,528
8600000US10962,10962,ZCTA5 10962,1861,289,90,64,123
8600000US10963,10963,ZCTA5 10963,874,99,41,9,46
8600000US10964,10964,ZCTA5 10964,453,78,0,15,83
8600000US10965,10965,ZCTA5 10965,5440,683,645,132,378
8600000US10968,10968,ZCTA5 10968,904,39,95,16,95
8600000US10969,10969,ZCTA5 10969,595,59,29,0,78
8600000US10970,10970,ZCTA5 10970,3686,546,200,38,384
8600000US10973,10973,ZCTA5 10973,1134,39,28,5,26
8600000US10974,10974,ZCTA5 10974,1342,115,73,48,72
8600000US10975,10975,ZCTA5 10975,130,18,0,0,0
8600000US10976,10976,ZCTA5 10976,773,80,92,52,95
8600000US10977,10977,ZCTA5 10977,14175,4642,3063,1777,829
8600000US10979,10979,ZCTA5 10979,67,0,0,0,0
8600000US10980,10980,ZCTA5 10980,5733,720,277,19,200
8600000US10983,10983,ZCTA5 10983,2138,160,173,2,69
8600000US10984,10984,ZCTA5 10984,1397,107,148,48,40
8600000US10985,10985,ZCTA5 10985,28,0,0,0,0
8600000US10986,10986,ZCTA5 10986,724,78,40,9,24
8600000US10987,10987,ZCTA5 10987,1173,109,122,10,103
8600000US10988,10988,ZCTA5 10988,297,35,15,0,19
8600000US10989,10989,ZCTA5 10989,4370,351,314,13,175
8600000US10990,10990,ZCTA5 10990,6760,681,620,291,605
8600000US10992,10992,ZCTA5 10992,3737,541,331,15,110
8600000US10993,10993,ZCTA5 10993,1321,295,79,142,71
8600000US10994,10994,ZCTA5 10994,3230,271,193,43,186
8600000US10996,10996,ZCTA5 10996,844,109,20,1269,1338
8600000US10998,10998,ZCTA5 10998,1122,157,33,0,59
8600000US11001,11001,ZCTA5 11001,9075,991,2565,381,512
8600000US11003,11003,ZCTA5 11003,15219,1861,4765,488,395
8600000US11004,11004,ZCTA5 11004,4606,696,1641,172,126
8600000US11005,11005,ZCTA5 11005,162,0,104,7,22
8600000US11010,11010,ZCTA5 11010,9049,526,1309,257,342
8600000US11020,11020,ZCTA5 11020,1639,364,679,55,126
8600000US11021,11021,ZCTA5 11021,4107,483,2579,476,635
8600000US11023,11023,ZCTA5 11023,2243,281,966,162,313
8600000US11024,11024,ZCTA5 11024,1471,260,714,114,439
8600000US11030,11030,ZCTA5 11030,4159,341,2081,227,525
8600000US11040,11040,ZCTA5 11040,14016,1379,3393,333,586
8600000US11042,11042,ZCTA5 11042,0,0,0,0,0
8600000US11050,11050,ZCTA5 11050,7689,695,3848,489,961
8600000US11096,11096,ZCTA5 11096,2084,257,729,279,84
8600000US11101,11101,ZCTA5 11101,1636,333,10239,954,339
8600000US11102,11102,ZCTA5 11102,2565,480,13066,1218,804
8600000US11103,11103,ZCTA5 11103,3069,673,16932,1463,523
8600000US11104,11104,ZCTA5 11104,1773,328,10724,890,742
8600000US11105,11105,ZCTA5 11105,3794,924,13763,1473,900
8600000US11106,11106,ZCTA5 11106,2569,418,15719,1666,666
8600000US11109,11109,ZCTA5 11109,483,24,2789,80,95
8600000US11201,11201,ZCTA5 11201,1989,436,22758,3684,2870
8600000US11203,11203,ZCTA5 11203,8762,1150,20368,1612,732
8600000US11204,11204,ZCTA5 11204,6626,2466,16915,4135,971
8600000US11205,11205,ZCTA5 11205,2141,586,11709,2741,1261
8600000US11206,11206,ZCTA5 11206,3225,983,23728,4299,1384
8600000US11207,11207,ZCTA5 11207,7382,1120,24387,1651,980
8600000US11208,11208,ZCTA5 11208,7759,1706,24904,1572,773
8600000US11209,11209,ZCTA5 11209,7809,1785,18949,2919,1433
8600000US11210,11210,ZCTA5 11210,8708,1518,16382,1733,886
8600000US11211,11211,ZCTA5 11211,4701,1245,30486,7520,3469
8600000US11212,11212,ZCTA5 11212,5382,1273,20611,1900,544
8600000US11213,11213,ZCTA5 11213,3993,961,18002,2646,1158
8600000US11214,11214,ZCTA5 11214,9104,2583,24621,2465,800
8600000US11215,11215,ZCTA5 11215,3847,1024,27778,3271,4077
8600000US11216,11216,ZCTA5 11216,3273,626,21208,1716,1204
8600000US11217,11217,ZCTA5 11217,1261,346,15667,1859,2134
8600000US11218,11218,ZCTA5 11218,5889,1137,20387,3084,1656
8600000US11219,11219,ZCTA5 11219,6166,2742,15142,8486,1350
8600000US11220,11220,ZCTA5 11220,5241,3203,27416,6889,556
8600000US11221,11221,ZCTA5 11221,5172,630,26693,2017,1520
8600000US11222,11222,ZCTA5 11222,2534,528,15052,1906,1216
8600000US11223,11223,ZCTA5 11223,7706,1929,17903,2727,1508
8600000US11224,11224,ZCTA5 11224,3629,876,8734,1508,388
8600000US11225,11225,ZCTA5 11225,3376,906,21028,1811,1350
8600000US11226,11226,ZCTA5 11226,6008,1294,34078,2342,1612
8600000US11228,11228,ZCTA5 11228,6300,1807,9828,1564,468
8600000US11229,11229,ZCTA5 11229,9710,2242,18724,2501,1658
8600000US11230,11230,ZCTA5 11230,8657,2227,17788,4406,1151
8600000US11231,11231,ZCTA5 11231,1630,394,12459,2055,1510
8600000US11232,11232,ZCTA5 11232,1049,465,9853,1415,409
8600000US11233,11233,ZCTA5 11233,5558,676,20565,1272,1045
8600000US11234,11234,ZCTA5 11234,18359,3291,18997,1764,1020
8600000US11235,11235,ZCTA5 11235,9237,2523,16652,3397,1486
8600000US11236,11236,ZCTA5 11236,16512,2545,25860,1545,850
8600000US11237,11237,ZCTA5 11237,2460,499,19546,2632,836
8600000US11238,11238,ZCTA5 11238,2543,512,22208,1809,1930
8600000US11239,11239,ZCTA5 11239,1419,129,2390,185,0
8600000US11351,11351,ZCTA5 11351,0,0,0,0,0
8600000US11354,11354,ZCTA5 11354,7213,3924,10578,3704,521
8600000US11355,11355,ZCTA5 11355,7881,5846,15476,4819,549
8600000US11356,11356,ZCTA5 11356,4342,1680,3707,727,361
8600000US11357,11357,ZCTA5 11357,10693,1462,4200,409,331
8600000US11358,11358,ZCTA5 11358,7685,2052,6779,734,465
8600000US11359,11359,ZCTA5 11359,0,0,0,0,0
8600000US11360,11360,ZCTA5 11360,4771,598,2579,224,411
8600000US11361,11361,ZCTA5 11361,7508,1575,4474,554,332
8600000US11362,11362,ZCTA5 11362,5128,739,1977,253,529
8600000US11363,11363,ZCTA5 11363,1783,244,1163,74,166
8600000US11364,11364,ZCTA5 11364,8536,1962,5054,282,663
8600000US11365,11365,ZCTA5 11365,9385,1887,7155,581,453
8600000US11366,11366,ZCTA5 11366,2744,516,2331,271,228
8600000US11367,11367,ZCTA5 11367,7468,1690,7735,1332,351
8600000US11368,11368,ZCTA5 11368,7756,2709,34847,4876,576
8600000US11369,11369,ZCTA5 11369,4051,1446,9400,1024,283
8600000US11370,11370,ZCTA5 11370,3935,787,6372,614,253
8600000US11371,11371,ZCTA5 11371,0,0,0,0,0
8600000US11372,11372,ZCTA5 11372,5102,1623,22755,2302,552
8600000US11373,11373,ZCTA5 11373,5626,2510,33085,3407,780
8600000US11374,11374,ZCTA5 11374,4610,1060,12776,1952,870
8600000US11375,11375,ZCTA5 11375,7992,1904,21870,1995,1514
8600000US11377,11377,ZCTA5 11377,8316,1864,30912,2414,759
8600000US11378,11378,ZCTA5 11378,6242,1235,7311,830,319
8600000US11379,11379,ZCTA5 11379,7296,1311,6987,916,392
8600000US11385,11385,ZCTA5 11385,12288,2308,30998,3335,1276
8600000US11411,11411,ZCTA5 11411,5070,611,3246,69,162
8600000US11412,11412,ZCTA5 11412,8862,566,8144,391,507
8600000US11413,11413,ZCTA5 11413,9819,1024,8241,367,465
8600000US11414,11414,ZCTA5 11414,7559,887,3885,282,128
8600000US11415,11415,ZCTA5 11415,2743,300,5620,518,441
8600000US11416,11416,ZCTA5 11416,3547,691,6131,616,411
8600000US11417,11417,ZCTA5 11417,5033,1154,6975,764,301
8600000US11418,11418,ZCTA5 11418,5222,1277,9475,941,655
8600000US11419,11419,ZCTA5 11419,8253,1715,12578,1545,282
8600000US11420,11420,ZCTA5 11420,9727,2113,9548,538,623
8600000US11421,11421,ZCTA5 11421,5837,1193,12328,1039,306
8600000US11422,11422,ZCTA5 11422,8633,1325,6230,189,462
8600000US11423,11423,ZCTA5 11423,6780,494,7536,376,302
8600000US11424,11424,ZCTA5 11424,0,0,0,0,0
8600000US11425,11425,ZCTA5 11425,0,0,0,0,0
8600000US11426,11426,ZCTA5 11426,5467,808,2629,182,290
8600000US11427,11427,ZCTA5 11427,4939,776,4040,245,268
8600000US11428,11428,ZCTA5 11428,4657,735,3488,153,209
8600000US11429,11429,ZCTA5 11429,5711,978,5540,184,185
8600000US11430,11430,ZCTA5 11430,0,0,50,11,0
8600000US11432,11432,ZCTA5 11432,7016,1434,16104,2387,720
8600000US11433,11433,ZCTA5 11433,4839,589,7844,617,159
8600000US11434,11434,ZCTA5 11434,12087,1618,13529,925,766
8600000US11435,11435,ZCTA5 11435,7461,1279,16716,1322,531
8600000US11436,11436,ZCTA5 11436,3783,599,4120,234,163
8600000US11451,11451,ZCTA5 11451,0,0,0,0,0
8600000US11501,11501,ZCTA5 11501,7367,580,1430,627,133
8600000US11507,11507,ZCTA5 11507,2253,405,468,26,91
8600000US11509,11509,ZCTA5 11509,822,64,155,13,87
8600000US11510,11510,ZCTA5 11510,11597,1064,3102,351,634
8600000US11514,11514,ZCTA5 11514,1825,167,196,63,35
8600000US11516,11516,ZCTA5 11516,2214,297,462,240,154
8600000US11518,11518,ZCTA5 11518,3866,234,792,109,115
8600000US11520,11520,ZCTA5 11520,13195,2602,2783,1263,589
8600000US11530,11530,ZCTA5 11530,8508,504,2956,334,609
8600000US11542,11542,ZCTA5 11542,9946,1245,1253,627,425
8600000US11545,11545,ZCTA5 11545,4314,418,785,28,418
8600000US11547,11547,ZCTA5 11547,386,34,28,11,19
8600000US11548,11548,ZCTA5 11548,829,46,126,296,66
8600000US11549,11549,ZCTA5 11549,285,35,24,607,51
8600000US11550,11550,ZCTA5 11550,15307,3831,6618,1166,484
8600000US11552,11552,ZCTA5 11552,8390,854,1722,273,433
8600000US11553,11553,ZCTA5 11553,8337,1441,1367,295,169
8600000US11554,11554,ZCTA5 11554,13764,1458,1558,185,594
8600000US11556,11556,ZCTA5 11556,4,0,0,3,0
8600000US11557,11557,ZCTA5 11557,2296,145,632,25,183
8600000US11558,11558,ZCTA5 11558,2826,423,676,100,151
8600000US11559,11559,ZCTA5 11559,2503,130,667,114,292
8600000US11560,11560,ZCTA5 11560,2052,182,294,55,242
8600000US11561,11561,ZCTA5 11561,12659,1516,3757,846,772
8600000US11563,11563,ZCTA5 11563,7316,326,2449,294,275
8600000US11565,11565,ZCTA5 11565,3184,189,684,96,179
8600000US11566,11566,ZCTA5 11566,12132,697,3386,178,695
8600000US11568,11568,ZCTA5 11568,1222,100,224,303,171
8600000US11569,11569,ZCTA5 11569,350,46,124,48,20
8600000US11570,11570,ZCTA5 11570,7527,982,3462,592,605
8600000US11572,11572,ZCTA5 11572,10418,891,2143,246,785
8600000US11575,11575,ZCTA5 11575,5006,1128,1340,210,223
8600000US11576,11576,ZCTA5 11576,4148,342,849,84,466
8600000US11577,11577,ZCTA5 11577,3963,388,1175,104,385
8600000US11579,11579,ZCTA5 11579,1824,71,412,117,187
8600000US11580,11580,ZCTA5 11580,13350,1550,5262,401,706
8600000US11581,11581,ZCTA5 11581,6720,547,2084,220,254
8600000US11590,11590,ZCTA5 11590,17466,2210,2616,567,677
8600000US11596,11596,ZCTA5 11596,3559,404,920,103,94
8600000US11598,11598,ZCTA5 11598,3672,360,1276,155,378
8600000US11691,11691,ZCTA5 11691,9656,1717,9366,2169,490
8600000US11692,11692,ZCTA5 11692,2761,467,3361,226,158
8600000US11693,11693,ZCTA5 11693,2434,324,2327,123,123
8600000US11694,11694,ZCTA5 11694,5281,409,2424,341,264
8600000US11697,11697,ZCTA5 11697,1198,104,210,57,39
8600000US11701,11701,ZCTA5 11701,10320,918,1416,278,374
8600000US11702,11702,ZCTA5 11702,5374,503,1034,117,337
8600000US11703,11703,ZCTA5 11703,6570,613,435,101,174
8600000US11704,11704,ZCTA5 11704,15340,1551,1627,247,627
8600000US11705,11705,ZCTA5 11705,2920,152,227,0,221
8600000US11706,11706,ZCTA5 11706,23531,4601,2729,633,735
8600000US11709,11709,ZCTA5 11709,2613,104,287,86,183
8600000US11710,11710,ZCTA5 11710,12311,766,2254,221,962
8600000US11713,11713,ZCTA5 11713,2882,393,203,56,137
8600000US11714,11714,ZCTA5 11714,8318,716,1115,95,331
8600000US11715,11715,ZCTA5 11715,1989,131,141,9,68
8600000US11716,11716,ZCTA5 11716,4367,292,329,90,65
8600000US11717,11717,ZCTA5 11717,21981,5526,1255,480,358
8600000US11718,11718,ZCTA5 11718,1312,106,134,32,43
8600000US11719,11719,ZCTA5 11719,1282,182,107,3,82
8600000US11720,11720,ZCTA5 11720,12565,1372,563,49,229
8600000US11721,11721,ZCTA5 11721,2146,80,449,26,333
8600000US11722,11722,ZCTA5 11722,12053,2715,1101,164,205
8600000US11724,11724,ZCTA5 11724,994,147,269,23,188
8600000US11725,11725,ZCTA5 11725,11806,846,959,119,624
8600000US11726,11726,ZCTA5 11726,7615,1056,1007,367,155
8600000US11727,11727,ZCTA5 11727,12098,1309,749,63,450
8600000US11729,11729,ZCTA5 11729,10808,935,885,348,244
8600000US11730,11730,ZCTA5 11730,5493,410,412,66,156
8600000US11731,11731,ZCTA5 11731,11374,906,1188,84,737
8600000US11732,11732,ZCTA5 11732,1341,157,221,13,52
8600000US11733,11733,ZCTA5 11733,6859,647,417,173,488
8600000US11735,11735,ZCTA5 11735,13106,1100,1807,394,639
8600000US11738,11738,ZCTA5 11738,7540,476,373,33,368
8600000US11739,11739,ZCTA5 11739,375,22,43,0,10
8600000US11740,11740,ZCTA5 11740,3058,290,386,28,124
8600000US11741,11741,ZCTA5 11741,12548,875,782,71,295
8600000US11742,11742,ZCTA5 11742,5789,519,308,23,169
8600000US11743,11743,ZCTA5 11743,15174,865,2729,245,1267
8600000US11746,11746,ZCTA5 11746,24334,3032,3345,562,1521
8600000US11747,11747,ZCTA5 11747,6861,278,877,51,610
8600000US11749,11749,ZCTA5 11749,1460,104,78,2,57
8600000US11751,11751,ZCTA5 11751,6074,425,593,39,196
8600000US11752,11752,ZCTA5 11752,3889,383,259,25,170
8600000US11753,11753,ZCTA5 11753,4086,292,1221,59,337
8600000US11754,11754,ZCTA5 11754,6938,477,750,106,339
8600000US11755,11755,ZCTA5 11755,5106,352,576,72,144
8600000US11756,11756,ZCTA5 11756,17800,1025,2461,293,339
8600000US11757,11757,ZCTA5 11757,18417,1924,2094,437,287
8600000US11758,11758,ZCTA5 11758,20837,1697,3834,228,862
8600000US11762,11762,ZCTA5 11762,8483,725,1296,101,368
8600000US11763,11763,ZCTA5 11763,11149,1420,595,60,499
8600000US11764,11764,ZCTA5 11764,5279,494,275,23,206
8600000US11765,11765,ZCTA5 11765,222,29,30,11,40
8600000US11766,11766,ZCTA5 11766,4794,518,136,18,274
8600000US11767,11767,ZCTA5 11767,6552,337,398,57,251
8600000US11768,11768,ZCTA5 11768,7943,527,926,156,400
8600000US11769,11769,ZCTA5 11769,3472,270,281,31,118
8600000US11770,11770,ZCTA5 11770,12,4,1,1,9
8600000US11771,11771,ZCTA5 11771,3394,349,496,161,250
8600000US11772,11772,ZCTA5 11772,17730,2038,648,426,622
8600000US11776,11776,ZCTA5 11776,11061,903,447,135,349
8600000US11777,11777,ZCTA5 11777,3430,260,200,44,204
8600000US11778,11778,ZCTA5 11778,5129,336,214,29,75
8600000US11779,11779,ZCTA5 11779,15856,1220,1129,190,288
8600000US11780,11780,ZCTA5 11780,6094,415,345,116,266
8600000US11782,11782,ZCTA5 11782,6077,432,705,98,206
8600000US11783,11783,ZCTA5 11783,8484,455,1335,112,490
8600000US11784,11784,ZCTA5 11784,10855,972,505,112,420
8600000US11786,11786,ZCTA5 11786,2548,228,137,14,67
8600000US11787,11787,ZCTA5 11787,14074,859,1029,82,1029
8600000US11788,11788,ZCTA5 11788,6799,387,479,21,161
8600000US11789,11789,ZCTA5 11789,3642,161,177,35,153
8600000US11790,11790,ZCTA5 11790,5299,275,449,1010,628
8600000US11791,11791,ZCTA5 11791,7679,840,2052,229,769
8600000US11792,11792,ZCTA5 11792,3856,274,64,0,190
8600000US11793,11793,ZCTA5 11793,11976,742,2258,161,466
8600000US11794,11794,ZCTA5 11794,138,47,58,471,70
8600000US11795,11795,ZCTA5 11795,10872,600,886,177,506
8600000US11796,11796,ZCTA5 11796,1499,90,119,6,62
8600000US11797,11797,ZCTA5 11797,2600,284,708,10,99
8600000US11798,11798,ZCTA5 11798,5142,447,735,114,187
8600000US11801,11801,ZCTA5 11801,14893,2046,2516,769,555
8600000US11803,11803,ZCTA5 11803,9724,964,2291,78,538
8600000US11804,11804,ZCTA5 11804,1686,138,298,42,146
8600000US11901,11901,ZCTA5 11901,9026,1216,324,228,617
8600000US11930,11930,ZCTA5 11930,432,46,26,29,135
8600000US11931,11931,ZCTA5 11931,34,0,0,0,0
8600000US11932,11932,ZCTA5 11932,339,12,13,25,47
8600000US11933,11933,ZCTA5 11933,2801,134,30,53,79
8600000US11934,11934,ZCTA5 11934,3288,259,6,71,172
8600000US11935,11935,ZCTA5 11935,1027,110,69,20,125
8600000US11937,11937,ZCTA5 11937,5713,492,696,262,490
8600000US11939,11939,ZCTA5 11939,300,21,18,10,41
8600000US11940,11940,ZCTA5 11940,2385,82,70,7,238
8600000US11941,11941,ZCTA5 11941,849,66,24,73,57
8600000US11942,11942,ZCTA5 11942,1517,311,116,21,77
8600000US11944,11944,ZCTA5 11944,1029,80,101,190,104
8600000US11946,11946,ZCTA5 11946,5613,555,451,99,281
8600000US11947,11947,ZCTA5 11947,80,0,0,0,0
8600000US11948,11948,ZCTA5 11948,497,0,30,0,0
8600000US11949,11949,ZCTA5 11949,6353,270,43,47,246
8600000US11950,11950,ZCTA5 11950,5941,658,229,129,218
8600000US11951,11951,ZCTA5 11951,5503,375,218,15,103
8600000US11952,11952,ZCTA5 11952,1949,198,54,44,188
8600000US11953,11953,ZCTA5 11953,5096,554,221,20,157
8600000US11954,11954,ZCTA5 11954,1237,187,51,44,199
8600000US11955,11955,ZCTA5 11955,1425,98,63,34,81
8600000US11956,11956,ZCTA5 11956,98,0,4,23,6
8600000US11957,11957,ZCTA5 11957,213,3,27,11,35
8600000US11958,11958,ZCTA5 11958,111,117,11,0,31
8600000US11959,11959,ZCTA5 11959,249,22,23,0,56
8600000US11960,11960,ZCTA5 11960,182,34,12,0,13
8600000US11961,11961,ZCTA5 11961,4290,377,108,16,166
8600000US11962,11962,ZCTA5 11962,132,0,2,2,38
8600000US11963,11963,ZCTA5 11963,2476,312,225,106,501
8600000US11964,11964,ZCTA5 11964,762,131,67,0,108
8600000US11965,11965,ZCTA5 11965,193,18,8,4,0
8600000US11967,11967,ZCTA5 11967,10643,1059,332,79,380
8600000US11968,11968,ZCTA5 11968,3710,272,315,140,462
8600000US11970,11970,ZCTA5 11970,30,0,0,0,0
8600000US11971,11971,ZCTA5 11971,2203,303,198,117,145
8600000US11972,11972,ZCTA5 11972,643,0,2,0,71
8600000US11973,11973,ZCTA5 11973,0,0,0,15,0
8600000US11975,11975,ZCTA5 11975,82,12,0,0,13
8600000US11976,11976,ZCTA5 11976,960,10,158,65,129
8600000US11977,11977,ZCTA5 11977,639,26,72,25,89
8600000US11978,11978,ZCTA5 11978,1071,112,85,45,88
8600000US11980,11980,ZCTA5 11980,2139,159,74,4,106
8600000US12007,12007,ZCTA5 12007,0,0,0,0,0
8600000US12008,12008,ZCTA5 12008,180,8,0,0,54
8600000US12009,12009,ZCTA5 12009,3404,263,67,97,231
8600000US12010,12010,ZCTA5 12010,9918,1060,256,510,315
8600000US12015,12015,ZCTA5 12015,977,163,21,37,85
8600000US12017,12017,ZCTA5 12017,152,10,3,4,24
8600000US12018,12018,ZCTA5 12018,3478,284,35,119,99
8600000US12019,12019,ZCTA5 12019,5850,560,111,30,410
8600000US12020,12020,ZCTA5 12020,14421,1635,194,109,713
8600000US12022,12022,ZCTA5 12022,333,32,0,8,0
8600000US12023,12023,ZCTA5 12023,797,39,23,19,59
8600000US12024,12024,ZCTA5 12024,0,0,0,0,0
8600000US12025,12025,ZCTA5 12025,2511,256,18,6,71
8600000US12027,12027,ZCTA5 12027,1679,97,16,0,59
8600000US12028,12028,ZCTA5 12028,459,31,11,0,32
8600000US12029,12029,ZCTA5 12029,360,29,5,14,49
8600000US12031,12031,ZCTA5 12031,69,16,0,0,0
8600000US12032,12032,ZCTA5 12032,260,42,0,0,33
8600000US12033,12033,ZCTA5 12033,3320,184,15,21,222
8600000US12035,12035,ZCTA5 12035,250,17,0,7,7
8600000US12036,12036,ZCTA5 12036,94,5,4,4,3
8600000US12037,12037,ZCTA5 12037,1780,210,52,54,229
8600000US12040,12040,ZCTA5 12040,63,23,0,0,0
8600000US12041,12041,ZCTA5 12041,216,0,0,0,0
8600000US12042,12042,ZCTA5 12042,77,0,0,0,7
8600000US12043,12043,ZCTA5 12043,2636,238,63,580,132
8600000US12045,12045,ZCTA5 12045,123,19,9,0,0
8600000US12046,12046,ZCTA5 12046,369,20,8,0,71
8600000US12047,12047,ZCTA5 12047,8457,1118,182,152,148
8600000US12051,12051,ZCTA5 12051,1493,109,0,8,40
8600000US12052,12052,ZCTA5 12052,644,131,0,0,33
8600000US12053,12053,ZCTA5 12053,2125,288,4,7,169
8600000US12054,12054,ZCTA5 12054,7788,399,143,104,590
8600000US12056,12056,ZCTA5 12056,1192,45,10,53,68
8600000US12057,12057,ZCTA5 12057,740,151,9,96,54
8600000US12058,12058,ZCTA5 12058,627,108,0,0,6
8600000US12059,12059,ZCTA5 12059,787,83,0,6,10
8600000US12060,12060,ZCTA5 12060,474,67,25,23,53
8600000US12061,12061,ZCTA5 12061,4788,257,45,6,113
8600000US12062,12062,ZCTA5 12062,765,70,12,4,27
8600000US12063,12063,ZCTA5 12063,254,0,0,0,0
8600000US12064,12064,ZCTA5 12064,176,17,5,0,0
8600000US12065,12065,ZCTA5 12065,20168,1285,182,236,1027
8600000US12066,12066,ZCTA5 12066,756,116,0,12,74
8600000US12067,12067,ZCTA5 12067,686,90,0,20,17
8600000US12068,12068,ZCTA5 12068,1130,152,3,96,55
8600000US12069,12069,ZCTA5 12069,32,0,0,0,0
8600000US12070,12070,ZCTA5 12070,680,66,2,7,28
8600000US12071,12071,ZCTA5 12071,115,7,0,0,10
8600000US12072,12072,ZCTA5 12072,987,73,0,39,63
8600000US12074,12074,ZCTA5 12074,1199,66,0,13,101
8600000US12075,12075,ZCTA5 12075,1210,97,2,23,101
8600000US12076,12076,ZCTA5 12076,478,45,8,30,41
8600000US12077,12077,ZCTA5 12077,2662,245,4,38,242
8600000US12078,12078,ZCTA5 12078,7187,1159,55,243,233
8600000US12083,12083,ZCTA5 12083,1391,173,18,33,53
8600000US12084,12084,ZCTA5 12084,1861,357,104,36,109
8600000US12085,12085,ZCTA5 12085,184,10,0,0,0
8600000US12086,12086,ZCTA5 12086,589,53,7,30,3
8600000US12087,12087,ZCTA5 12087,475,25,15,17,4
8600000US12089,12089,ZCTA5 12089,119,0,0,0,0
8600000US12090,12090,ZCTA5 12090,2365,400,0,51,114
8600000US12092,12092,ZCTA5 12092,198,34,0,34,45
8600000US12093,12093,ZCTA5 12093,543,81,14,12,26
8600000US12094,12094,ZCTA5 12094,1143,31,0,11,25
8600000US12095,12095,ZCTA5 12095,4743,632,17,163,102
8600000US12106,12106,ZCTA5 12106,1005,106,27,11,107
8600000US12108,12108,ZCTA5 12108,95,9,0,5,4
8600000US12110,12110,ZCTA5 12110,8788,987,171,494,316
8600000US12115,12115,ZCTA5 12115,35,0,10,0,55
8600000US12116,12116,ZCTA5 12116,711,89,23,9,29
8600000US12117,12117,ZCTA5 12117,1290,188,0,53,37
8600000US12118,12118,ZCTA5 12118,5656,568,35,91,311
8600000US12120,12120,ZCTA5 12120,179,21,3,4,13
8600000US12121,12121,ZCTA5 12121,830,40,0,0,21
8600000US12122,12122,ZCTA5 12122,1570,201,67,49,61
8600000US12123,12123,ZCTA5 12123,2540,229,14,12,120
8600000US12124,12124,ZCTA5 12124,272,0,0,0,12
8600000US12125,12125,ZCTA5 12125,674,51,14,39,37
8600000US12130,12130,ZCTA5 12130,457,114,0,0,26
8600000US12131,12131,ZCTA5 12131,41,4,0,2,2
8600000US12132,12132,ZCTA5 12132,27,24,0,0,0
8600000US12134,12134,ZCTA5 12134,1465,154,2,67,32
8600000US12136,12136,ZCTA5 12136,243,27,17,17,75
8600000US12137,12137,ZCTA5 12137,836,91,0,24,20
8600000US12138,12138,ZCTA5 12138,1370,139,3,45,47
8600000US12139,12139,ZCTA5 12139,68,14,0,0,1
8600000US12140,12140,ZCTA5 12140,708,50,0,0,17
8600000US12143,12143,ZCTA5 12143,1990,159,9,10,88
8600000US12144,12144,ZCTA5 12144,7876,1065,320,103,401
8600000US12147,12147,ZCTA5 12147,157,23,0,0,26
8600000US12148,12148,ZCTA5 12148,1873,105,0,12,230
8600000US12149,12149,ZCTA5 12149,846,111,14,18,32
8600000US12150,12150,ZCTA5 12150,384,93,0,0,28
8600000US12151,12151,ZCTA5 12151,296,24,0,11,26
8600000US12153,12153,ZCTA5 12153,479,5,0,0,12
8600000US12154,12154,ZCTA5 12154,1006,234,0,17,51
8600000US12155,12155,ZCTA5 12155,729,143,0,9,77
8600000US12156,12156,ZCTA5 12156,456,14,0,0,26
8600000US12157,12157,ZCTA5 12157,1371,170,10,24,37
8600000US12158,12158,ZCTA5 12158,3335,301,38,31,80
8600000US12159,12159,ZCTA5 12159,3381,237,65,44,254
8600000US12160,12160,ZCTA5 12160,243,149,0,4,21
8600000US12161,12161,ZCTA5 12161,29,0,0,0,0
8600000US12164,12164,ZCTA5 12164,165,2,0,3,5
8600000US12165,12165,ZCTA5 12165,49,0,14,4,4
8600000US12166,12166,ZCTA5 12166,465,47,7,8,16
8600000US12167,12167,ZCTA5 12167,914,140,14,56,84
8600000US12168,12168,ZCTA5 12168,770,106,0,36,92
8600000US12169,12169,ZCTA5 12169,124,0,0,0,0
8600000US12170,12170,ZCTA5 12170,2117,242,49,12,19
8600000US12172,12172,ZCTA5 12172,72,47,0,0,4
8600000US12173,12173,ZCTA5 12173,760,116,0,12,43
8600000US12174,12174,ZCTA5 12174,137,0,0,0,0
8600000US12175,12175,ZCTA5 12175,156,42,0,13,15
8600000US12176,12176,ZCTA5 12176,78,42,0,16,8
8600000US12177,12177,ZCTA5 12177,200,11,0,0,0
8600000US12180,12180,ZCTA5 12180,18213,2128,1312,2439,885
8600000US12182,12182,ZCTA5 12182,5034,747,281,215,78
8600000US12183,12183,ZCTA5 12183,1124,162,5,47,33
8600000US12184,12184,ZCTA5 12184,2529,379,40,45,155
8600000US12185,12185,ZCTA5 12185,1041,99,0,31,33
8600000US12186,12186,ZCTA5 12186,2560,226,33,20,143
8600000US12187,12187,ZCTA5 12187,126,12,0,26,9
8600000US12188,12188,ZCTA5 12188,5017,540,96,161,385
8600000US12189,12189,ZCTA5 12189,7511,751,347,214,136
8600000US12190,12190,ZCTA5 12190,291,67,2,0,1
8600000US12192,12192,ZCTA5 12192,637,38,0,0,6
8600000US12193,12193,ZCTA5 12193,687,176,11,19,25
8600000US12194,12194,ZCTA5 12194,28,0,0,10,6
8600000US12195,12195,ZCTA5 12195,56,0,0,17,0
8600000US12196,12196,ZCTA5 12196,1577,224,14,19,64
8600000US12197,12197,ZCTA5 12197,727,58,5,24,63
8600000US12198,12198,ZCTA5 12198,3869,270,20,93,253
8600000US12202,12202,ZCTA5 12202,1947,339,1266,417,24
8600000US12203,12203,ZCTA5 12203,11719,1144,1271,920,394
8600000US12204,12204,ZCTA5 12204,3067,170,298,152,150
8600000US12205,12205,ZCTA5 12205,12010,837,303,274,373
8600000US12206,12206,ZCTA5 12206,3411,627,1528,271,187
8600000US12207,12207,ZCTA5 12207,206,25,133,102,3
8600000US12208,12208,ZCTA5 12208,8450,1039,587,1322,383
8600000US12209,12209,ZCTA5 12209,3981,565,568,120,162
8600000US12210,12210,ZCTA5 12210,2771,167,923,1436,49
8600000US12211,12211,ZCTA5 12211,4599,366,149,19,327
8600000US12222,12222,ZCTA5 12222,334,63,197,577,74
8600000US12302,12302,ZCTA5 12302,11159,1037,234,399,297
8600000US12303,12303,ZCTA5 12303,11657,993,281,166,498
8600000US12304,12304,ZCTA5 12304,8254,821,1249,367,305
8600000US12305,12305,ZCTA5 12305,1161,197,200,340,84
8600000US12306,12306,ZCTA5 12306,10624,835,275,188,379
8600000US12307,12307,ZCTA5 12307,1378,245,304,128,0
8600000US12308,12308,ZCTA5 12308,4618,513,503,648,188
8600000US12309,12309,ZCTA5 12309,12183,889,201,212,621
8600000US12401,12401,ZCTA5 12401,12109,1631,466,808,839
8600000US12404,12404,ZCTA5 12404,1414,135,110,93,130
8600000US12405,12405,ZCTA5 12405,169,21,0,0,0
8600000US12406,12406,ZCTA5 12406,274,40,9,37,40
8600000US12407,12407,ZCTA5 12407,83,0,0,0,0
8600000US12409,12409,ZCTA5 12409,229,0,15,7,30
8600000US12410,12410,ZCTA5 12410,156,0,0,1,13
8600000US12411,12411,ZCTA5 12411,166,17,0,10,24
8600000US12412,12412,ZCTA5 12412,144,32,0,0,18
8600000US12413,12413,ZCTA5 12413,854,103,8,0,0
8600000US12414,12414,ZCTA5 12414,3022,250,70,223,107
8600000US12416,12416,ZCTA5 12416,45,0,0,0,0
8600000US12417,12417,ZCTA5 12417,282,0,0,0,19
8600000US12418,12418,ZCTA5 12418,181,6,0,5,21
8600000US12419,12419,ZCTA5 12419,271,27,0,0,0
8600000US12420,12420,ZCTA5 12420,88,6,16,0,102
8600000US12421,12421,ZCTA5 12421,106,17,11,5,21
8600000US12422,12422,ZCTA5 12422,107,19,9,10,18
8600000US12423,12423,ZCTA5 12423,400,61,0,5,15
8600000US12424,12424,ZCTA5 12424,77,0,0,0,8
8600000US12427,12427,ZCTA5 12427,155,0,0,94,14
8600000US12428,12428,ZCTA5 12428,2004,475,29,234,43
8600000US12429,12429,ZCTA5 12429,88,0,0,0,7
8600000US12430,12430,ZCTA5 12430,224,36,2,10,122
8600000US12431,12431,ZCTA5 12431,449,77,6,0,20
8600000US12432,12432,ZCTA5 12432,185,58,0,0,6
8600000US12433,12433,ZCTA5 12433,190,0,7,0,28
8600000US12434,12434,ZCTA5 12434,146,41,7,4,29
8600000US12435,12435,ZCTA5 12435,116,29,0,0,0
8600000US12436,12436,ZCTA5 12436,116,0,25,0,39
8600000US12438,12438,ZCTA5 12438,16,0,9,0,0
8600000US12439,12439,ZCTA5 12439,97,17,0,0,0
8600000US12440,12440,ZCTA5 12440,791,167,23,11,95
8600000US12441,12441,ZCTA5 12441,4,0,0,0,8
8600000US12442,12442,ZCTA5 12442,188,4,0,10,94
8600000US12443,12443,ZCTA5 12443,1603,139,42,0,135
8600000US12444,12444,ZCTA5 12444,117,63,0,1,5
8600000US12446,12446,ZCTA5 12446,1744,273,52,0,104
8600000US12448,12448,ZCTA5 12448,149,47,23,0,47
8600000US12449,12449,ZCTA5 12449,1119,55,0,20,66
8600000US12450,12450,ZCTA5 12450,0,0,0,0,0
8600000US12451,12451,ZCTA5 12451,951,113,0,0,29
8600000US12452,12452,ZCTA5 12452,89,28,0,0,13
8600000US12453,12453,ZCTA5 12453,119,22,0,14,0
8600000US12454,12454,ZCTA5 12454,137,3,0,0,25
8600000US12455,12455,ZCTA5 12455,531,63,6,37,23
8600000US12456,12456,ZCTA5 12456,191,50,0,19,9
8600000US12457,12457,ZCTA5 12457,146,84,0,0,71
8600000US12458,12458,ZCTA5 12458,791,138,8,7,17
8600000US12459,12459,ZCTA5 12459,0,0,20,0,32
8600000US12460,12460,ZCTA5 12460,102,7,0,0,5
8600000US12461,12461,ZCTA5 12461,723,58,108,17,46
8600000US12463,12463,ZCTA5 12463,606,0,24,0,30
8600000US12464,12464,ZCTA5 12464,203,66,9,0,34
8600000US12465,12465,ZCTA5 12465,72,0,16,5,0
8600000US12466,12466,ZCTA5 12466,1050,58,61,0,72
8600000US12468,12468,ZCTA5 12468,333,35,0,10,23
8600000US12469,12469,ZCTA5 12469,338,9,8,7,12
8600000US12470,12470,ZCTA5 12470,126,9,6,6,5
8600000US12471,12471,ZCTA5 12471,316,0,0,30,0
8600000US12472,12472,ZCTA5 12472,752,11,8,22,13
8600000US12473,12473,ZCTA5 12473,543,14,0,48,31
8600000US12474,12474,ZCTA5 12474,318,19,57,9,32
8600000US12475,12475,ZCTA5 12475,95,0,0,0,0
8600000US12477,12477,ZCTA5 12477,7509,738,72,208,589
8600000US12480,12480,ZCTA5 12480,288,26,27,8,8
8600000US12481,12481,ZCTA5 12481,543,102,0,30,64
8600000US12482,12482,ZCTA5 12482,217,0,0,0,0
8600000US12483,12483,ZCTA5 12483,153,23,0,0,0
8600000US12484,12484,ZCTA5 12484,993,57,38,10,107
8600000US12485,12485,ZCTA5 12485,532,67,0,51,33
8600000US12486,12486,ZCTA5 12486,667,78,7,9,15
8600000US12487,12487,ZCTA5 12487,1391,189,28,161,94
8600000US12489,12489,ZCTA5 12489,78,19,0,0,0
8600000US12490,12490,ZCTA5 12490,15,0,0,0,0
8600000US12491,12491,ZCTA5 12491,610,41,61,0,17
8600000US12492,12492,ZCTA5 12492,57,0,14,0,7
8600000US12493,12493,ZCTA5 12493,190,0,0,0,0
8600000US12494,12494,ZCTA5 12494,306,0,0,0,72
8600000US12495,12495,ZCTA5 12495,105,0,20,11,56
8600000US12496,12496,ZCTA5 12496,497,16,14,12,26
8600000US12498,12498,ZCTA5 12498,1407,134,54,81,542
8600000US12501,12501,ZCTA5 12501,784,120,69,14,88
8600000US12502,12502,ZCTA5 12502,404,35,26,17,54
8600000US12503,12503,ZCTA5 12503,212,37,25,16,25
8600000US12504,12504,ZCTA5 12504,86,13,0,304,93
8600000US12507,12507,ZCTA5 12507,45,31,5,30,6
8600000US12508,12508,ZCTA5 12508,6296,849,792,225,550
8600000US12512,12512,ZCTA5 12512,35,0,0,0,0
8600000US12513,12513,ZCTA5 12513,186,27,0,0,0
8600000US12514,12514,ZCTA5 12514,1271,84,29,8,139
8600000US12515,12515,ZCTA5 12515,438,26,81,0,45
8600000US12516,12516,ZCTA5 12516,606,127,19,53,50
8600000US12517,12517,ZCTA5 12517,270,24,34,0,0
8600000US12518,12518,ZCTA5 12518,2580,163,69,23,247
8600000US12520,12520,ZCTA5 12520,1197,65,43,58,83
8600000US12521,12521,ZCTA5 12521,472,9,52,25,22
8600000US12522,12522,ZCTA5 12522,1618,174,57,43,75
8600000US12523,12523,ZCTA5 12523,630,71,14,7,44
8600000US12524,12524,ZCTA5 12524,5615,511,450,219,316
8600000US12525,12525,ZCTA5 12525,1191,14,30,0,48
8600000US12526,12526,ZCTA5 12526,1375,125,60,80,186
8600000US12527,12527,ZCTA5 12527,0,15,0,0,0
8600000US12528,12528,ZCTA5 12528,5267,418,106,7,434
8600000US12529,12529,ZCTA5 12529,1015,122,82,57,78
8600000US12530,12530,ZCTA5 12530,48,0,0,0,0
8600000US12531,12531,ZCTA5 12531,1543,150,107,33,43
8600000US12533,12533,ZCTA5 12533,10446,738,376,52,584
8600000US12534,12534,ZCTA5 12534,5883,606,211,567,407
8600000US12538,12538,ZCTA5 12538,5367,377,261,396,401
8600000US12540,12540,ZCTA5 12540,3067,201,71,11,374
8600000US12542,12542,ZCTA5 12542,2249,170,45,57,125
8600000US12543,12543,ZCTA5 12543,1275,244,208,25,42
8600000US12545,12545,ZCTA5 12545,1678,187,34,298,237
8600000US12546,12546,ZCTA5 12546,1257,106,45,86,115
8600000US12547,12547,ZCTA5 12547,1388,104,0,0,40
8600000US12548,12548,ZCTA5 12548,564,18,0,0,42
8600000US12549,12549,ZCTA5 12549,4758,335,100,34,115
8600000US12550,12550,ZCTA5 12550,16937,3543,1439,1018,711
8600000US12553,12553,ZCTA5 12553,10183,1070,654,258,472
8600000US12561,12561,ZCTA5 12561,6020,337,277,1181,615
8600000US12563,12563,ZCTA5 12563,2719,481,261,160,137
8600000US12564,12564,ZCTA5 12564,2322,301,283,117,123
8600000US12565,12565,ZCTA5 12565,497,85,12,23,19
8600000US12566,12566,ZCTA5 12566,4113,343,28,112,330
8600000US12567,12567,ZCTA5 12567,996,101,62,124,192
8600000US12569,12569,ZCTA5 12569,4559,267,112,15,325
8600000US12570,12570,ZCTA5 12570,3158,276,145,22,233
8600000US12571,12571,ZCTA5 12571,3723,402,192,128,492
8600000US12572,12572,ZCTA5 12572,2820,276,183,232,508
8600000US12574,12574,ZCTA5 12574,33,0,0,0,30
8600000US12575,12575,ZCTA5 12575,797,148,98,27,60
8600000US12577,12577,ZCTA5 12577,638,11,109,0,42
8600000US12578,12578,ZCTA5 12578,821,80,17,31,59
8600000US12580,12580,ZCTA5 12580,1744,134,104,70,65
8600000US12581,12581,ZCTA5 12581,855,15,69,38,159
8600000US12582,12582,ZCTA5 12582,1747,72,72,0,156
8600000US12583,12583,ZCTA5 12583,924,126,85,90,79
8600000US12585,12585,ZCTA5 12585,383,32,7,0,54
8600000US12586,12586,ZCTA5 12586,5025,442,259,173,201
8600000US12589,12589,ZCTA5 12589,6071,411,100,153,333
8600000US12590,12590,ZCTA5 12590,13657,1790,1184,216,860
8600000US12592,12592,ZCTA5 12592,447,93,22,0,17
8600000US12594,12594,ZCTA5 12594,1660,131,78,108,59
8600000US12601,12601,ZCTA5 12601,12161,1735,1374,2025,708
8600000US12603,12603,ZCTA5 12603,16060,1735,937,1290,930
8600000US12604,12604,ZCTA5 12604,6,0,0,277,43
8600000US12701,12701,ZCTA5 12701,3115,527,202,294,178
8600000US12719,12719,ZCTA5 12719,389,60,0,0,66
8600000US12720,12720,ZCTA5 12720,107,45,0,0,0
8600000US12721,12721,ZCTA5 12721,2586,216,170,2,60
8600000US12722,12722,ZCTA5 12722,19,0,0,0,0
8600000US12723,12723,ZCTA5 12723,545,75,19,91,130
8600000US12724,12724,ZCTA5 12724,108,0,0,0,16
8600000US12725,12725,ZCTA5 12725,48,5,2,0,15
8600000US12726,12726,ZCTA5 12726,594,20,5,0,46
8600000US12729,12729,ZCTA5 12729,718,14,0,0,20
8600000US12732,12732,ZCTA5 12732,303,5,0,7,4
8600000US12733,12733,ZCTA5 12733,222,136,0,123,10
8600000US12734,12734,ZCTA5 12734,458,26,0,0,17
8600000US12736,12736,ZCTA5 12736,39,7,0,0,0
8600000US12737,12737,ZCTA5 12737,648,73,17,14,44
8600000US12738,12738,ZCTA5 12738,196,18,0,0,7
8600000US12740,12740,ZCTA5 12740,672,68,0,0,16
8600000US12741,12741,ZCTA5 12741,40,0,0,0,10
8600000US12742,12742,ZCTA5 12742,26,5,0,0,0
8600000US12743,12743,ZCTA5 12743,58,16,5,5,8
8600000US12745,12745,ZCTA5 12745,101,0,0,0,0
8600000US12746,12746,ZCTA5 12746,453,55,13,10,8
8600000US12747,12747,ZCTA5 12747,573,44,7,53,117
8600000US12748,12748,ZCTA5 12748,619,78,5,25,43
8600000US12749,12749,ZCTA5 12749,146,18,0,0,6
8600000US12750,12750,ZCTA5 12750,92,55,0,0,16
8600000US12751,12751,ZCTA5 12751,256,20,0,51,22
8600000US12752,12752,ZCTA5 12752,81,15,3,3,8
8600000US12754,12754,ZCTA5 12754,1970,197,16,97,20
8600000US12758,12758,ZCTA5 12758,1709,85,15,48,161
8600000US12759,12759,ZCTA5 12759,285,0,0,28,32
8600000US12760,12760,ZCTA5 12760,63,37,0,10,0
8600000US12762,12762,ZCTA5 12762,174,0,0,0,0
8600000US12763,12763,ZCTA5 12763,207,55,0,4,8
8600000US12764,12764,ZCTA5 12764,486,57,34,33,37
8600000US12765,12765,ZCTA5 12765,558,26,2,0,0
8600000US12766,12766,ZCTA5 12766,139,12,0,0,0
8600000US12767,12767,ZCTA5 12767,43,4,0,0,0
8600000US12768,12768,ZCTA5 12768,295,21,0,0,20
8600000US12769,12769,ZCTA5 12769,98,0,0,0,0
8600000US12770,12770,ZCTA5 12770,70,5,0,0,0
8600000US12771,12771,ZCTA5 12771,4876,454,35,332,367
8600000US12775,12775,ZCTA5 12775,960,82,23,8,16
8600000US12776,12776,ZCTA5 12776,722,99,9,33,129
8600000US12777,12777,ZCTA5 12777,347,40,8,7,19
8600000US12778,12778,ZCTA5 12778,268,0,0,0,12
8600000US12779,12779,ZCTA5 12779,421,229,51,41,17
8600000US12780,12780,ZCTA5 12780,674,58,0,0,15
8600000US12781,12781,ZCTA5 12781,81,10,0,0,0
8600000US12783,12783,ZCTA5 12783,454,94,25,38,39
8600000US12784,12784,ZCTA5 12784,0,0,0,0,0
8600000US12785,12785,ZCTA5 12785,291,58,0,0,0
8600000US12786,12786,ZCTA5 12786,113,0,0,0,0
8600000US12787,12787,ZCTA5 12787,98,33,0,0,0
8600000US12788,12788,ZCTA5 12788,843,47,0,32,39
8600000US12789,12789,ZCTA5 12789,835,48,27,12,17
8600000US12790,12790,ZCTA5 12790,1715,143,48,29,99
8600000US12791,12791,ZCTA5 12791,239,0,0,0,0
8600000US12792,12792,ZCTA5 12792,60,0,0,0,14
8600000US12801,12801,ZCTA5 12801,5496,831,195,605,209
8600000US12803,12803,ZCTA5 12803,3762,318,7,80,95
8600000US12804,12804,ZCTA5 12804,11216,1141,44,113,496
8600000US12808,12808,ZCTA5 12808,124,13,0,0,27
8600000US12809,12809,ZCTA5 12809,1508,94,0,36,120
8600000US12810,12810,ZCTA5 12810,350,16,0,23,2
8600000US12811,12811,ZCTA5 12811,15,0,0,0,0
8600000US12812,12812,ZCTA5 12812,34,0,0,1,0
8600000US12814,12814,ZCTA5 12814,511,0,10,6,0
8600000US12815,12815,ZCTA5 12815,385,51,0,1,23
8600000US12816,12816,ZCTA5 12816,1439,189,0,49,100
8600000US12817,12817,ZCTA5 12817,864,168,0,0,94
8600000US12819,12819,ZCTA5 12819,116,6,0,2,15
8600000US12821,12821,ZCTA5 12821,79,29,0,25,22
8600000US12822,12822,ZCTA5 12822,2443,208,16,45,133
8600000US12823,12823,ZCTA5 12823,103,43,0,0,0
8600000US12824,12824,ZCTA5 12824,482,29,0,20,44
8600000US12827,12827,ZCTA5 12827,1684,192,0,19,29
8600000US12828,12828,ZCTA5 12828,3419,552,38,108,117
8600000US12831,12831,ZCTA5 12831,7474,850,34,53,474
8600000US12832,12832,ZCTA5 12832,2411,251,6,143,126
8600000US12833,12833,ZCTA5 12833,1747,259,19,0,103
8600000US12834,12834,ZCTA5 12834,2476,269,17,90,233
8600000US12835,12835,ZCTA5 12835,617,105,4,17,86
8600000US12836,12836,ZCTA5 12836,241,37,5,5,5
8600000US12837,12837,ZCTA5 12837,441,35,1,0,16
8600000US12838,12838,ZCTA5 12838,304,17,0,0,10
8600000US12839,12839,ZCTA5 12839,5121,724,204,57,282
8600000US12841,12841,ZCTA5 12841,26,0,0,0,3
8600000US12842,12842,ZCTA5 12842,200,72,0,45,18
8600000US12843,12843,ZCTA5 12843,132,40,0,0,0
8600000US12844,12844,ZCTA5 12844,57,27,0,8,7
8600000US12845,12845,ZCTA5 12845,1655,176,30,92,110
8600000US12846,12846,ZCTA5 12846,1212,118,0,9,45
8600000US12847,12847,ZCTA5 12847,120,8,1,1,6
8600000US12849,12849,ZCTA5 12849,131,0,0,6,0
8600000US12850,12850,ZCTA5 12850,1177,71,6,60,148
8600000US12851,12851,ZCTA5 12851,62,15,0,2,8
8600000US12852,12852,ZCTA5 12852,177,8,0,6,3
8600000US12853,12853,ZCTA5 12853,323,46,7,0,57
8600000US12855,12855,ZCTA5 12855,83,7,0,2,2
8600000US12856,12856,ZCTA5 12856,97,7,0,0,5
8600000US12857,12857,ZCTA5 12857,198,14,0,5,28
8600000US12858,12858,ZCTA5 12858,10,0,0,0,3
8600000US12859,12859,ZCTA5 12859,921,109,0,0,52
8600000US12860,12860,ZCTA5 12860,166,26,0,33,7
8600000US12861,12861,ZCTA5 12861,248,11,0,0,21
8600000US12862,12862,ZCTA5 12862,0,0,0,0,0
8600000US12863,12863,ZCTA5 12863,252,7,0,0,32
8600000US12864,12864,ZCTA5 12864,5,0,0,0,0
8600000US12865,12865,ZCTA5 12865,1405,132,4,94,99
8600000US12866,12866,ZCTA5 12866,14019,1395,292,1242,1820
8600000US12870,12870,ZCTA5 12870,282,53,0,3,56
8600000US12871,12871,ZCTA5 12871,1622,215,6,48,138
8600000US12872,12872,ZCTA5 12872,25,0,0,0,4
8600000US12873,12873,ZCTA5 12873,263,42,6,0,45
8600000US12874,12874,ZCTA5 12874,55,0,0,0,4
8600000US12878,12878,ZCTA5 12878,225,39,10,2,20
8600000US12883,12883,ZCTA5 12883,1911,243,0,25,68
8600000US12884,12884,ZCTA5 12884,142,27,0,0,0
8600000US12885,12885,ZCTA5 12885,1655,219,0,95,36
8600000US12886,12886,ZCTA5 12886,120,8,0,0,10
8600000US12887,12887,ZCTA5 12887,1644,228,15,125,50
8600000US12901,12901,ZCTA5 12901,10879,1494,198,1235,395
8600000US12903,12903,ZCTA5 12903,330,47,0,10,20
8600000US12910,12910,ZCTA5 12910,634,47,5,0,10
8600000US12911,12911,ZCTA5 12911,21,0,0,0,0
8600000US12912,12912,ZCTA5 12912,719,126,2,5,47
8600000US12913,12913,ZCTA5 12913,442,90,0,5,24
8600000US12914,12914,ZCTA5 12914,339,11,0,11,23
8600000US12916,12916,ZCTA5 12916,757,95,0,9,73
8600000US12917,12917,ZCTA5 12917,463,59,0,23,51
8600000US12918,12918,ZCTA5 12918,856,158,0,0,17
8600000US12919,12919,ZCTA5 12919,977,38,0,31,13
8600000US12920,12920,ZCTA5 12920,847,109,9,18,48
8600000US12921,12921,ZCTA5 12921,1075,98,0,24,43
8600000US12922,12922,ZCTA5 12922,22,0,0,0,0
8600000US12923,12923,ZCTA5 12923,201,33,5,13,11
8600000US12924,12924,ZCTA5 12924,38,16,0,0,0
8600000US12926,12926,ZCTA5 12926,781,86,6,16,13
8600000US12927,12927,ZCTA5 12927,39,0,0,7,7
8600000US12928,12928,ZCTA5 12928,462,59,0,10,21
8600000US12929,12929,ZCTA5 12929,240,30,0,19,8
8600000US12930,12930,ZCTA5 12930,251,25,0,2,20
8600000US12932,12932,ZCTA5 12932,473,44,12,33,37
8600000US12933,12933,ZCTA5 12933,12,0,0,0,0
8600000US12934,12934,ZCTA5 12934,259,64,2,3,23
8600000US12935,12935,ZCTA5 12935,450,31,4,28,13
8600000US12936,12936,ZCTA5 12936,159,23,8,5,10
8600000US12937,12937,ZCTA5 12937,517,83,0,25,59
8600000US12939,12939,ZCTA5 12939,125,1,0,3,13
8600000US12941,12941,ZCTA5 12941,566,51,4,33,33
8600000US12942,12942,ZCTA5 12942,309,35,0,12,32
8600000US12943,12943,ZCTA5 12943,75,15,0,20,18
8600000US12944,12944,ZCTA5 12944,1384,273,0,28,85
8600000US12945,12945,ZCTA5 12945,196,29,0,0,0
8600000US12946,12946,ZCTA5 12946,2106,166,75,144,148
8600000US12950,12950,ZCTA5 12950,357,24,0,0,11
8600000US12952,12952,ZCTA5 12952,90,16,0,0,6
8600000US12953,12953,ZCTA5 12953,3908,538,10,198,237
8600000US12955,12955,ZCTA5 12955,113,23,0,11,15
8600000US12956,12956,ZCTA5 12956,398,93,0,0,0
8600000US12957,12957,ZCTA5 12957,674,80,0,0,49
8600000US12958,12958,ZCTA5 12958,678,139,0,12,50
8600000US12959,12959,ZCTA5 12959,547,108,0,0,25
8600000US12960,12960,ZCTA5 12960,432,114,0,0,0
8600000US12961,12961,ZCTA5 12961,33,0,0,0,22
8600000US12962,12962,ZCTA5 12962,2118,323,1,11,18
8600000US12964,12964,ZCTA5 12964,60,4,0,0,12
8600000US12965,12965,ZCTA5 12965,154,12,0,10,6
8600000US12966,12966,ZCTA5 12966,1039,176,31,11,58
8600000US12967,12967,ZCTA5 12967,314,43,0,15,24
8600000US12969,12969,ZCTA5 12969,118,18,0,0,10
8600000US12970,12970,ZCTA5 12970,232,40,0,131,69
8600000US12972,12972,ZCTA5 12972,2243,476,0,94,108
8600000US12973,12973,ZCTA5 12973,67,4,0,0,1
8600000US12974,12974,ZCTA5 12974,417,75,0,3,9
8600000US12975,12975,ZCTA5 12975,125,22,0,0,14
8600000US12976,12976,ZCTA5 12976,53,5,2,0,27
8600000US12977,12977,ZCTA5 12977,39,0,0,0,44
8600000US12978,12978,ZCTA5 12978,175,0,0,0,0
8600000US12979,12979,ZCTA5 12979,887,138,0,55,23
8600000US12980,12980,ZCTA5 12980,334,80,7,12,1
8600000US12981,12981,ZCTA5 12981,908,75,0,0,0
8600000US12983,12983,ZCTA5 12983,2360,290,50,342,242
8600000US12985,12985,ZCTA5 12985,501,41,0,0,4
8600000US12986,12986,ZCTA5 12986,2003,300,3,128,105
8600000US12987,12987,ZCTA5 12987,71,9,0,5,15
8600000US12989,12989,ZCTA5 12989,449,34,3,3,13
8600000US12992,12992,ZCTA5 12992,1935,307,0,56,35
8600000US12993,12993,ZCTA5 12993,527,100,3,6,55
8600000US12996,12996,ZCTA5 12996,683,139,4,33,78
8600000US12997,12997,ZCTA5 12997,573,78,4,16,34
8600000US12998,12998,ZCTA5 12998,158,0,0,0,0
8600000US13020,13020,ZCTA5 13020,24,3,0,0,0
8600000US13021,13021,ZCTA5 13021,14236,1442,346,945,604
8600000US13024,13024,ZCTA5 13024,0,0,0,0,0
8600000US13026,13026,ZCTA5 13026,671,92,7,154,26
8600000US13027,13027,ZCTA5 13027,13796,1454,56,231,383
8600000US13028,13028,ZCTA5 13028,554,45,0,20,33
8600000US13029,13029,ZCTA5 13029,3034,185,67,79,72
8600000US13030,13030,ZCTA5 13030,1859,85,0,59,20
8600000US13031,13031,ZCTA5 13031,7153,458,39,106,268
8600000US13032,13032,ZCTA5 13032,5340,429,3,107,225
8600000US13033,13033,ZCTA5 13033,1524,165,0,56,53
8600000US13034,13034,ZCTA5 13034,862,62,0,0,0
8600000US13035,13035,ZCTA5 13035,2980,293,21,310,266
8600000US13036,13036,ZCTA5 13036,3195,347,62,54,145
8600000US13037,13037,ZCTA5 13037,3760,315,3,129,176
8600000US13039,13039,ZCTA5 13039,8601,363,0,29,211
8600000US13040,13040,ZCTA5 13040,1019,132,0,22,28
8600000US13041,13041,ZCTA5 13041,5355,758,0,62,160
8600000US13042,13042,ZCTA5 13042,943,150,0,2,50
8600000US13044,13044,ZCTA5 13044,1030,98,7,39,37
8600000US13045,13045,ZCTA5 13045,10739,1529,135,1296,600
8600000US13051,13051,ZCTA5 13051,48,0,0,0,0
8600000US13052,13052,ZCTA5 13052,494,59,0,51,9
8600000US13053,13053,ZCTA5 13053,1568,203,59,91,127
8600000US13054,13054,ZCTA5 13054,584,0,0,15,52
8600000US13057,13057,ZCTA5 13057,5826,586,136,148,350
8600000US13060,13060,ZCTA5 13060,1368,73,13,14,54
8600000US13061,13061,ZCTA5 13061,466,56,0,0,18
8600000US13062,13062,ZCTA5 13062,98,6,0,0,0
8600000US13063,13063,ZCTA5 13063,809,95,0,250,37
8600000US13064,13064,ZCTA5 13064,13,0,0,0,2
8600000US13066,13066,ZCTA5 13066,5209,414,67,42,352
8600000US13068,13068,ZCTA5 13068,2484,266,14,91,82
8600000US13069,13069,ZCTA5 13069,8008,999,20,337,383
8600000US13071,13071,ZCTA5 13071,362,44,5,14,28
8600000US13072,13072,ZCTA5 13072,231,20,0,14,20
8600000US13073,13073,ZCTA5 13073,2936,163,52,115,103
8600000US13074,13074,ZCTA5 13074,1484,234,48,44,58
8600000US13076,13076,ZCTA5 13076,899,113,0,6,94
8600000US13077,13077,ZCTA5 13077,3049,240,11,45,166
8600000US13078,13078,ZCTA5 13078,3686,319,28,23,274
8600000US13080,13080,ZCTA5 13080,1516,229,0,36,41
8600000US13081,13081,ZCTA5 13081,457,45,0,10,16
8600000US13082,13082,ZCTA5 13082,2166,69,0,22,77
8600000US13083,13083,ZCTA5 13083,615,109,10,2,19
8600000US13084,13084,ZCTA5 13084,1734,132,0,15,166
8600000US13087,13087,ZCTA5 13087,11,0,0,0,0
8600000US13088,13088,ZCTA5 13088,9947,709,174,102,356
8600000US13090,13090,ZCTA5 13090,13775,1172,219,214,620
8600000US13092,13092,ZCTA5 13092,1076,122,2,48,57
8600000US13101,13101,ZCTA5 13101,931,178,7,3,35
8600000US13102,13102,ZCTA5 13102,0,0,0,0,0
8600000US13103,13103,ZCTA5 13103,106,0,0,0,33
8600000US13104,13104,ZCTA5 13104,6021,646,44,139,455
8600000US13108,13108,ZCTA5 13108,2707,266,11,42,202
8600000US13110,13110,ZCTA5 13110,961,105,0,7,148
8600000US13111,13111,ZCTA5 13111,514,56,4,0,45
8600000US13112,13112,ZCTA5 13112,744,62,0,0,0
8600000US13113,13113,ZCTA5 13113,123,7,3,0,2
8600000US13114,13114,ZCTA5 13114,2534,224,15,84,134
8600000US13115,13115,ZCTA5 13115,50,1,1,0,0
8600000US13116,13116,ZCTA5 13116,1447,107,28,0,34
8600000US13117,13117,ZCTA5 13117,103,5,0,0,0
8600000US13118,13118,ZCTA5 13118,2217,210,3,85,79
8600000US13120,13120,ZCTA5 13120,898,56,61,42,17
8600000US13122,13122,ZCTA5 13122,465,39,0,17,73
8600000US13123,13123,ZCTA5 13123,173,0,0,21,0
8600000US13124,13124,ZCTA5 13124,25,11,0,0,0
8600000US13126,13126,ZCTA5 13126,12296,1155,168,1316,335
8600000US13131,13131,ZCTA5 13131,1257,204,0,28,49
8600000US13132,13132,ZCTA5 13132,1381,133,0,33,130
8600000US13134,13134,ZCTA5 13134,49,24,0,0,3
8600000US13135,13135,ZCTA5 13135,2402,303,15,63,226
8600000US13136,13136,ZCTA5 13136,162,22,0,6,3
8600000US13138,13138,ZCTA5 13138,0,0,0,0,0
8600000US13140,13140,ZCTA5 13140,1886,218,0,8,71
8600000US13141,13141,ZCTA5 13141,222,81,3,10,0
8600000US13142,13142,ZCTA5 13142,1890,286,6,81,66
8600000US13143,13143,ZCTA5 13143,938,125,0,76,14
8600000US13144,13144,ZCTA5 13144,502,75,11,10,27
8600000US13145,13145,ZCTA5 13145,730,63,3,14,23
8600000US13146,13146,ZCTA5 13146,639,74,18,16,24
8600000US13147,13147,ZCTA5 13147,628,45,0,10,82
8600000US13148,13148,ZCTA5 13148,3752,518,6,206,229
8600000US13152,13152,ZCTA5 13152,3360,230,22,152,279
8600000US13153,13153,ZCTA5 13153,182,24,0,0,0
8600000US13155,13155,ZCTA5 13155,229,30,0,31,1
8600000US13156,13156,ZCTA5 13156,779,85,10,11,14
8600000US13157,13157,ZCTA5 13157,134,0,0,12,10
8600000US13158,13158,ZCTA5 13158,528,54,0,21,31
8600000US13159,13159,ZCTA5 13159,2119,324,10,39,267
8600000US13160,13160,ZCTA5 13160,703,112,0,94,78
8600000US13162,13162,ZCTA5 13162,143,37,0,35,13
8600000US13163,13163,ZCTA5 13163,154,12,5,2,6
8600000US13164,13164,ZCTA5 13164,1037,95,0,0,25
8600000US13165,13165,ZCTA5 13165,4484,472,19,51,130
8600000US13166,13166,ZCTA5 13166,2351,171,0,35,61
8600000US13167,13167,ZCTA5 13167,1286,67,0,6,47
8600000US13202,13202,ZCTA5 13202,765,127,161,554,44
8600000US13203,13203,ZCTA5 13203,4368,867,668,428,174
8600000US13204,13204,ZCTA5 13204,5383,701,906,712,179
8600000US13205,13205,ZCTA5 13205,3960,759,896,267,162
8600000US13206,13206,ZCTA5 13206,6207,605,457,253,210
8600000US13207,13207,ZCTA5 13207,4297,451,472,198,235
8600000US13208,13208,ZCTA5 13208,5800,1379,577,423,218
8600000US13209,13209,ZCTA5 13209,5455,468,108,260,165
8600000US13210,13210,ZCTA5 13210,4493,683,1197,3385,475
8600000US13211,13211,ZCTA5 13211,2638,375,62,232,10
8600000US13212,13212,ZCTA5 13212,7951,822,45,283,349
8600000US13214,13214,ZCTA5 13214,3420,437,64,368,104
8600000US13215,13215,ZCTA5 13215,6891,361,37,122,262
8600000US13219,13219,ZCTA5 13219,6378,575,130,181,219
8600000US13224,13224,ZCTA5 13224,2909,421,129,148,171
8600000US13290,13290,ZCTA5 13290,0,0,0,0,0
8600000US13301,13301,ZCTA5 13301,31,15,0,0,0
8600000US13302,13302,ZCTA5 13302,482,107,34,3,23
8600000US13303,13303,ZCTA5 13303,528,25,0,14,20
8600000US13304,13304,ZCTA5 13304,675,54,5,9,55
8600000US13305,13305,ZCTA5 13305,189,20,0,0,0
8600000US13308,13308,ZCTA5 13308,1064,114,0,19,15
8600000US13309,13309,ZCTA5 13309,1905,328,0,121,139
8600000US13310,13310,ZCTA5 13310,225,27,0,0,0
8600000US13312,13312,ZCTA5 13312,128,9,0,14,6
8600000US13313,13313,ZCTA5 13313,183,16,0,20,9
8600000US13314,13314,ZCTA5 13314,114,33,0,3,7
8600000US13315,13315,ZCTA5 13315,532,105,13,12,13
8600000US13316,13316,ZCTA5 13316,2411,250,5,187,115
8600000US13317,13317,ZCTA5 13317,1444,191,10,23,62
8600000US13318,13318,ZCTA5 13318,541,34,0,0,34
8600000US13319,13319,ZCTA5 13319,273,59,0,0,0
8600000US13320,13320,ZCTA5 13320,819,126,28,68,125
8600000US13321,13321,ZCTA5 13321,445,4,0,16,0
8600000US13322,13322,ZCTA5 13322,402,40,0,0,11
8600000US13323,13323,ZCTA5 13323,3985,292,28,590,363
8600000US13324,13324,ZCTA5 13324,711,55,5,19,43
8600000US13325,13325,ZCTA5 13325,359,41,0,30,47
8600000US13326,13326,ZCTA5 13326,1704,222,21,427,166
8600000US13327,13327,ZCTA5 13327,678,106,4,52,18
8600000US13328,13328,ZCTA5 13328,697,40,0,5,40
8600000US13329,13329,ZCTA5 13329,1459,208,0,40,50
8600000US13331,13331,ZCTA5 13331,45,0,0,10,0
8600000US13332,13332,ZCTA5 13332,955,78,0,70,117
8600000US13333,13333,ZCTA5 13333,26,0,0,0,0
8600000US13334,13334,ZCTA5 13334,403,24,0,52,73
8600000US13335,13335,ZCTA5 13335,646,56,7,23,40
8600000US13337,13337,ZCTA5 13337,232,0,0,10,33
8600000US13338,13338,ZCTA5 13338,381,29,0,17,24
8600000US13339,13339,ZCTA5 13339,2055,300,5,57,218
8600000US13340,13340,ZCTA5 13340,3248,385,5,43,102
8600000US13341,13341,ZCTA5 13341,89,16,0,0,0
8600000US13342,13342,ZCTA5 13342,98,4,0,8,11
8600000US13343,13343,ZCTA5 13343,641,88,0,21,51
8600000US13345,13345,ZCTA5 13345,84,14,0,0,0
8600000US13346,13346,ZCTA5 13346,1540,69,38,548,184
8600000US13348,13348,ZCTA5 13348,595,91,15,9,39
8600000US13350,13350,ZCTA5 13350,3472,366,54,384,83
8600000US13352,13352,ZCTA5 13352,68,0,0,0,0
8600000US13353,13353,ZCTA5 13353,18,5,0,0,0
8600000US13354,13354,ZCTA5 13354,1807,162,0,30,30
8600000US13355,13355,ZCTA5 13355,300,33,0,52,3
8600000US13357,13357,ZCTA5 13357,4099,306,19,179,151
8600000US13360,13360,ZCTA5 13360,52,14,0,10,11
8600000US13361,13361,ZCTA5 13361,250,44,2,19,55
8600000US13362,13362,ZCTA5 13362,90,0,0,0,19
8600000US13363,13363,ZCTA5 13363,864,50,0,0,24
8600000US13364,13364,ZCTA5 13364,67,0,0,0,0
8600000US13365,13365,ZCTA5 13365,2809,503,70,170,194
8600000US13367,13367,ZCTA5 13367,2728,312,0,388,166
8600000US13368,13368,ZCTA5 13368,398,40,0,12,35
8600000US13402,13402,ZCTA5 13402,591,0,0,19,5
8600000US13403,13403,ZCTA5 13403,1919,137,39,8,219
8600000US13404,13404,ZCTA5 13404,50,8,0,3,0
8600000US13406,13406,ZCTA5 13406,243,14,0,8,7
8600000US13407,13407,ZCTA5 13407,1984,165,62,61,32
8600000US13408,13408,ZCTA5 13408,991,33,8,322,63
8600000US13409,13409,ZCTA5 13409,1150,46,0,13,22
8600000US13410,13410,ZCTA5 13410,38,26,0,17,12
8600000US13411,13411,ZCTA5 13411,985,129,27,61,66
8600000US13413,13413,ZCTA5 13413,6679,736,1,151,316
8600000US13415,13415,ZCTA5 13415,24,14,0,0,0
8600000US13416,13416,ZCTA5 13416,874,89,4,34,54
8600000US13417,13417,ZCTA5 13417,1369,26,0,55,14
8600000US13418,13418,ZCTA5 13418,142,7,0,0,6
8600000US13420,13420,ZCTA5 13420,432,4,0,69,89
8600000US13421,13421,ZCTA5 13421,4786,549,72,266,45
8600000US13424,13424,ZCTA5 13424,746,75,4,26,51
8600000US13425,13425,ZCTA5 13425,751,127,0,63,46
8600000US13428,13428,ZCTA5 13428,589,30,16,31,55
8600000US13431,13431,ZCTA5 13431,710,29,3,0,65
8600000US13433,13433,ZCTA5 13433,647,39,0,36,43
8600000US13435,13435,ZCTA5 13435,125,9,0,3,0
8600000US13436,13436,ZCTA5 13436,36,6,0,0,0
8600000US13437,13437,ZCTA5 13437,147,11,0,0,13
8600000US13438,13438,ZCTA5 13438,1452,79,1,43,95
8600000US13439,13439,ZCTA5 13439,1195,189,5,136,101
8600000US13440,13440,ZCTA5 13440,14704,1354,112,654,780
8600000US13441,13441,ZCTA5 13441,16,0,0,0,0
8600000US13450,13450,ZCTA5 13450,24,5,0,0,0
8600000US13452,13452,ZCTA5 13452,1447,198,20,148,34
8600000US13454,13454,ZCTA5 13454,176,33,2,17,17
8600000US13456,13456,ZCTA5 13456,1880,138,0,6,33
8600000US13459,13459,ZCTA5 13459,836,72,10,32,118
8600000US13460,13460,ZCTA5 13460,1369,266,5,97,103
8600000US13461,13461,ZCTA5 13461,1206,58,0,11,80
8600000US13464,13464,ZCTA5 13464,492,35,0,24,33
8600000US13468,13468,ZCTA5 13468,138,7,3,0,32
8600000US13469,13469,ZCTA5 13469,493,0,0,0,16
8600000US13470,13470,ZCTA5 13470,261,23,0,2,5
8600000US13471,13471,ZCTA5 13471,1293,105,0,30,76
8600000US13472,13472,ZCTA5 13472,48,0,0,14,0
8600000US13473,13473,ZCTA5 13473,249,24,0,3,8
8600000US13475,13475,ZCTA5 13475,16,5,0,7,0
8600000US13476,13476,ZCTA5 13476,1362,57,15,41,59
8600000US13477,13477,ZCTA5 13477,930,0,0,0,15
8600000US13478,13478,ZCTA5 13478,1077,121,8,28,0
8600000US13480,13480,ZCTA5 13480,1416,48,3,69,79
8600000US13483,13483,ZCTA5 13483,128,4,0,0,0
8600000US13484,13484,ZCTA5 13484,67,13,0,0,38
8600000US13485,13485,ZCTA5 13485,381,36,3,16,30
8600000US13486,13486,ZCTA5 13486,303,20,0,19,10
8600000US13488,13488,ZCTA5 13488,45,5,0,0,4
8600000US13489,13489,ZCTA5 13489,180,22,2,3,34
8600000US13490,13490,ZCTA5 13490,719,52,0,0,86
8600000US13491,13491,ZCTA5 13491,1255,180,13,36,96
8600000US13492,13492,ZCTA5 13492,4919,263,6,68,283
8600000US13493,13493,ZCTA5 13493,608,84,0,10,19
8600000US13494,13494,ZCTA5 13494,68,3,0,7,3
8600000US13495,13495,ZCTA5 13495,846,176,12,0,0
8600000US13501,13501,ZCTA5 13501,10369,2117,481,884,415
8600000US13502,13502,ZCTA5 13502,10562,1277,361,666,407
8600000US13601,13601,ZCTA5 13601,13787,2005,148,732,510
8600000US13602,13602,ZCTA5 13602,518,465,0,2132,337
8600000US13603,13603,ZCTA5 13603,3447,337,0,100,144
8600000US13605,13605,ZCTA5 13605,1716,215,0,50,104
8600000US13606,13606,ZCTA5 13606,1287,61,0,16,14
8600000US13607,13607,ZCTA5 13607,570,70,5,82,23
8600000US13608,13608,ZCTA5 13608,441,87,2,5,30
8600000US13612,13612,ZCTA5 13612,1029,90,0,0,10
8600000US13613,13613,ZCTA5 13613,737,72,0,26,47
8600000US13614,13614,ZCTA5 13614,76,6,0,0,20
8600000US13615,13615,ZCTA5 13615,329,70,2,46,18
8600000US13616,13616,ZCTA5 13616,734,114,0,8,58
8600000US13617,13617,ZCTA5 13617,2880,178,90,650,284
8600000US13618,13618,ZCTA5 13618,550,64,0,41,73
8600000US13619,13619,ZCTA5 13619,3939,432,2,74,241
8600000US13620,13620,ZCTA5 13620,527,59,0,26,37
8600000US13621,13621,ZCTA5 13621,126,10,0,0,15
8600000US13622,13622,ZCTA5 13622,929,132,3,51,64
8600000US13623,13623,ZCTA5 13623,10,0,0,0,0
8600000US13624,13624,ZCTA5 13624,1952,148,0,104,69
8600000US13625,13625,ZCTA5 13625,719,87,0,3,51
8600000US13626,13626,ZCTA5 13626,997,87,2,31,25
8600000US13628,13628,ZCTA5 13628,75,7,0,0,1
8600000US13630,13630,ZCTA5 13630,451,84,0,0,20
8600000US13633,13633,ZCTA5 13633,120,10,0,13,7
8600000US13634,13634,ZCTA5 13634,1644,353,0,27,22
8600000US13635,13635,ZCTA5 13635,314,40,0,17,25
8600000US13636,13636,ZCTA5 13636,97,18,0,0,9
8600000US13637,13637,ZCTA5 13637,2002,75,2,28,108
8600000US13638,13638,ZCTA5 13638,136,0,0,8,0
8600000US13639,13639,ZCTA5 13639,47,24,0,10,0
8600000US13640,13640,ZCTA5 13640,105,12,0,0,22
8600000US13641,13641,ZCTA5 13641,5,0,0,0,0
8600000US13642,13642,ZCTA5 13642,2779,471,2,29,134
8600000US13643,13643,ZCTA5 13643,0,0,0,0,0
8600000US13646,13646,ZCTA5 13646,632,77,2,59,75
8600000US13647,13647,ZCTA5 13647,26,0,0,0,0
8600000US13648,13648,ZCTA5 13648,651,137,2,16,4
8600000US13650,13650,ZCTA5 13650,570,56,0,36,41
8600000US13651,13651,ZCTA5 13651,43,0,0,9,3
8600000US13652,13652,ZCTA5 13652,642,104,0,11,35
8600000US13654,13654,ZCTA5 13654,784,60,0,37,134
8600000US13655,13655,ZCTA5 13655,766,151,0,0,2
8600000US13656,13656,ZCTA5 13656,1058,88,0,6,35
8600000US13658,13658,ZCTA5 13658,879,108,0,23,28
8600000US13659,13659,ZCTA5 13659,177,15,0,9,4
8600000US13660,13660,ZCTA5 13660,607,38,0,24,42
8600000US13661,13661,ZCTA5 13661,509,37,0,30,39
8600000US13662,13662,ZCTA5 13662,5392,718,22,227,182
8600000US13664,13664,ZCTA5 13664,152,9,8,1,6
8600000US13665,13665,ZCTA5 13665,279,178,0,0,16
8600000US13666,13666,ZCTA5 13666,75,0,0,0,2
8600000US13667,13667,ZCTA5 13667,1064,169,20,0,0
8600000US13668,13668,ZCTA5 13668,1497,61,0,33,7
8600000US13669,13669,ZCTA5 13669,4939,626,10,228,205
8600000US13670,13670,ZCTA5 13670,118,7,0,0,12
8600000US13672,13672,ZCTA5 13672,399,18,0,0,14
8600000US13673,13673,ZCTA5 13673,743,92,2,32,45
8600000US13674,13674,ZCTA5 13674,22,5,0,0,0
8600000US13675,13675,ZCTA5 13675,61,0,0,0,0
8600000US13676,13676,ZCTA5 13676,4215,509,64,1237,340
8600000US13677,13677,ZCTA5 13677,10,13,0,0,0
8600000US13678,13678,ZCTA5 13678,81,0,0,0,0
8600000US13679,13679,ZCTA5 13679,619,127,10,8,62
8600000US13680,13680,ZCTA5 13680,473,91,1,21,62
8600000US13681,13681,ZCTA5 13681,240,28,0,8,4
8600000US13682,13682,ZCTA5 13682,406,32,0,4,20
8600000US13684,13684,ZCTA5 13684,426,37,0,3,10
8600000US13685,13685,ZCTA5 13685,830,64,8,24,37
8600000US13687,13687,ZCTA5 13687,105,22,0,13,5
8600000US13690,13690,ZCTA5 13690,213,31,0,3,20
8600000US13691,13691,ZCTA5 13691,1169,126,6,18,38
8600000US13692,13692,ZCTA5 13692,16,0,0,5,0
8600000US13693,13693,ZCTA5 13693,160,0,0,0,18
8600000US13694,13694,ZCTA5 13694,520,77,0,3,5
8600000US13695,13695,ZCTA5 13695,22,6,0,7,28
8600000US13696,13696,ZCTA5 13696,16,0,0,0,0
8600000US13697,13697,ZCTA5 13697,606,84,0,26,88
8600000US13730,13730,ZCTA5 13730,946,35,0,62,111
8600000US13731,13731,ZCTA5 13731,279,41,15,26,33
8600000US13732,13732,ZCTA5 13732,3393,216,8,52,70
8600000US13733,13733,ZCTA5 13733,1598,310,3,82,56
8600000US13734,13734,ZCTA5 13734,762,61,0,2,18
8600000US13736,13736,ZCTA5 13736,619,79,7,54,27
8600000US13739,13739,ZCTA5 13739,339,27,14,11,7
8600000US13740,13740,ZCTA5 13740,168,12,12,16,30
8600000US13743,13743,ZCTA5 13743,1231,305,8,31,77
8600000US13744,13744,ZCTA5 13744,594,10,0,20,39
8600000US13746,13746,ZCTA5 13746,762,64,10,0,20
8600000US13748,13748,ZCTA5 13748,1514,110,0,15,20
8600000US13750,13750,ZCTA5 13750,337,63,0,14,22
8600000US13751,13751,ZCTA5 13751,66,0,0,0,0
8600000US13752,13752,ZCTA5 13752,273,30,0,32,40
8600000US13753,13753,ZCTA5 13753,1544,182,16,314,120
8600000US13754,13754,ZCTA5 13754,978,132,5,72,48
8600000US13755,13755,ZCTA5 13755,493,0,22,40,27
8600000US13756,13756,ZCTA5 13756,144,10,0,11,7
8600000US13757,13757,ZCTA5 13757,425,50,0,4,100
8600000US13760,13760,ZCTA5 13760,17037,1484,261,825,889
8600000US13774,13774,ZCTA5 13774,165,0,0,0,0
8600000US13775,13775,ZCTA5 13775,516,32,0,40,77
8600000US13776,13776,ZCTA5 13776,128,8,2,6,18
8600000US13777,13777,ZCTA5 13777,166,8,0,0,0
8600000US13778,13778,ZCTA5 13778,2315,254,8,171,191
8600000US13780,13780,ZCTA5 13780,271,11,0,10,24
8600000US13782,13782,ZCTA5 13782,197,35,21,27,14
8600000US13783,13783,ZCTA5 13783,776,54,22,98,71
8600000US13784,13784,ZCTA5 13784,28,8,0,0,0
8600000US13786,13786,ZCTA5 13786,133,48,0,4,4
8600000US13787,13787,ZCTA5 13787,1219,117,0,15,22
8600000US13788,13788,ZCTA5 13788,326,41,15,36,10
8600000US13790,13790,ZCTA5 13790,6112,756,539,471,170
8600000US13794,13794,ZCTA5 13794,14,0,0,0,10
8600000US13795,13795,ZCTA5 13795,1403,94,0,0,39
8600000US13796,13796,ZCTA5 13796,708,26,2,12,17
8600000US13797,13797,ZCTA5 13797,734,93,3,12,22
8600000US13801,13801,ZCTA5 13801,399,53,2,30,23
8600000US13802,13802,ZCTA5 13802,230,2,0,0,0
8600000US13803,13803,ZCTA5 13803,1568,229,11,34,254
8600000US13804,13804,ZCTA5 13804,199,35,4,15,3
8600000US13806,13806,ZCTA5 13806,103,0,0,0,0
8600000US13807,13807,ZCTA5 13807,395,101,3,2,61
8600000US13808,13808,ZCTA5 13808,463,53,18,45,67
8600000US13809,13809,ZCTA5 13809,570,186,48,3,60
8600000US13810,13810,ZCTA5 13810,400,54,0,12,6
8600000US13811,13811,ZCTA5 13811,1744,266,36,13,104
8600000US13812,13812,ZCTA5 13812,868,54,29,12,47
8600000US13813,13813,ZCTA5 13813,188,34,0,0,0
8600000US13815,13815,ZCTA5 13815,4172,778,9,364,187
8600000US13820,13820,ZCTA5 13820,6332,784,327,1484,556
8600000US13825,13825,ZCTA5 13825,1426,101,0,22,17
8600000US13826,13826,ZCTA5 13826,0,0,0,0,0
8600000US13827,13827,ZCTA5 13827,4602,391,40,107,156
8600000US13830,13830,ZCTA5 13830,1616,251,9,73,103
8600000US13832,13832,ZCTA5 13832,159,29,6,4,5
8600000US13833,13833,ZCTA5 13833,1853,164,0,11,46
8600000US13834,13834,ZCTA5 13834,52,0,9,10,0
8600000US13835,13835,ZCTA5 13835,459,95,15,6,2
8600000US13838,13838,ZCTA5 13838,1683,124,3,209,65
8600000US13839,13839,ZCTA5 13839,381,31,0,14,13
8600000US13841,13841,ZCTA5 13841,190,16,9,7,15
8600000US13842,13842,ZCTA5 13842,229,3,10,18,12
8600000US13843,13843,ZCTA5 13843,711,108,0,24,49
8600000US13844,13844,ZCTA5 13844,313,45,0,4,9
8600000US13845,13845,ZCTA5 13845,0,0,0,0,0
8600000US13846,13846,ZCTA5 13846,84,4,0,0,0
8600000US13847,13847,ZCTA5 13847,32,0,0,0,0
8600000US13849,13849,ZCTA5 13849,1303,153,4,24,107
8600000US13850,13850,ZCTA5 13850,8798,646,288,221,214
8600000US13856,13856,ZCTA5 13856,2100,57,4,107,152
8600000US13859,13859,ZCTA5 13859,181,0,0,0,0
8600000US13860,13860,ZCTA5 13860,29,11,0,7,0
8600000US13861,13861,ZCTA5 13861,138,0,0,0,3
8600000US13862,13862,ZCTA5 13862,1895,147,0,65,32
8600000US13863,13863,ZCTA5 13863,237,47,2,8,39
8600000US13864,13864,ZCTA5 13864,456,31,19,0,0
8600000US13865,13865,ZCTA5 13865,2615,387,0,33,73
8600000US13901,13901,ZCTA5 13901,6840,699,280,353,194
8600000US13902,13902,ZCTA5 13902,305,0,65,606,211
8600000US13903,13903,ZCTA5 13903,6647,978,171,306,308
8600000US13904,13904,ZCTA5 13904,3282,367,155,83,137
8600000US13905,13905,ZCTA5 13905,7864,967,1064,719,337
8600000US14001,14001,ZCTA5 14001,3803,777,31,179,165
8600000US14004,14004,ZCTA5 14004,4843,322,0,56,77
8600000US14005,14005,ZCTA5 14005,809,63,5,8,27
8600000US14006,14006,ZCTA5 14006,4110,492,13,53,84
8600000US14008,14008,ZCTA5 14008,569,39,2,30,38
8600000US14009,14009,ZCTA5 14009,1967,306,0,121,71
8600000US14011,14011,ZCTA5 14011,2676,171,20,88,121
8600000US14012,14012,ZCTA5 14012,823,63,0,23,57
8600000US14013,14013,ZCTA5 14013,682,66,0,27,34
8600000US14020,14020,ZCTA5 14020,8455,1088,58,621,272
8600000US14024,14024,ZCTA5 14024,697,46,2,19,31
8600000US14025,14025,ZCTA5 14025,1236,80,6,19,11
8600000US14026,14026,ZCTA5 14026,314,17,0,0,34
8600000US14028,14028,ZCTA5 14028,688,15,0,1,19
8600000US14030,14030,ZCTA5 14030,649,66,4,10,31
8600000US14031,14031,ZCTA5 14031,4076,309,0,69,259
8600000US14032,14032,ZCTA5 14032,3523,236,29,35,238
8600000US14033,14033,ZCTA5 14033,1028,104,0,0,47
8600000US14034,14034,ZCTA5 14034,890,41,2,7,38
8600000US14035,14035,ZCTA5 14035,22,6,0,0,0
8600000US14036,14036,ZCTA5 14036,2384,222,0,11,78
8600000US14037,14037,ZCTA5 14037,406,27,0,15,9
8600000US14039,14039,ZCTA5 14039,47,5,0,0,0
8600000US14040,14040,ZCTA5 14040,918,61,1,17,32
8600000US14041,14041,ZCTA5 14041,45,32,0,0,4
8600000US14042,14042,ZCTA5 14042,1225,173,0,85,27
8600000US14043,14043,ZCTA5 14043,11134,828,65,100,216
8600000US14047,14047,ZCTA5 14047,2912,206,10,59,55
8600000US14048,14048,ZCTA5 14048,4807,645,2,162,95
8600000US14051,14051,ZCTA5 14051,9300,563,62,42,598
8600000US14052,14052,ZCTA5 14052,7409,369,38,197,458
8600000US14054,14054,ZCTA5 14054,548,38,0,23,19
8600000US14055,14055,ZCTA5 14055,700,48,0,25,24
8600000US14057,14057,ZCTA5 14057,3768,162,0,61,139
8600000US14058,14058,ZCTA5 14058,888,41,0,76,29
8600000US14059,14059,ZCTA5 14059,4764,300,0,53,228
8600000US14060,14060,ZCTA5 14060,120,6,0,0,3
8600000US14061,14061,ZCTA5 14061,148,11,0,2,2
8600000US14062,14062,ZCTA5 14062,1021,70,0,17,55
8600000US14063,14063,ZCTA5 14063,4610,444,15,584,283
8600000US14065,14065,ZCTA5 14065,597,80,0,9,12
8600000US14066,14066,ZCTA5 14066,457,46,7,11,21
8600000US14067,14067,ZCTA5 14067,2254,73,60,72,111
8600000US14068,14068,ZCTA5 14068,2489,365,22,41,89
8600000US14069,14069,ZCTA5 14069,301,88,0,0,0
8600000US14070,14070,ZCTA5 14070,1499,218,12,83,26
8600000US14072,14072,ZCTA5 14072,9342,602,18,37,344
8600000US14075,14075,ZCTA5 14075,18951,1393,124,388,434
8600000US14080,14080,ZCTA5 14080,1906,195,3,33,62
8600000US14081,14081,ZCTA5 14081,1116,104,0,38,42
8600000US14082,14082,ZCTA5 14082,229,19,0,6,18
8600000US14085,14085,ZCTA5 14085,3517,131,29,0,84
8600000US14086,14086,ZCTA5 14086,15534,1051,103,72,485
8600000US14091,14091,ZCTA5 14091,408,10,0,0,0
8600000US14092,14092,ZCTA5 14092,4741,229,4,11,228
8600000US14094,14094,ZCTA5 14094,21037,1355,96,431,527
8600000US14098,14098,ZCTA5 14098,1115,145,0,33,70
8600000US14101,14101,ZCTA5 14101,788,48,5,28,25
8600000US14102,14102,ZCTA5 14102,566,83,0,16,0
8600000US14103,14103,ZCTA5 14103,3692,477,92,132,202
8600000US14105,14105,ZCTA5 14105,1832,142,0,21,57
8600000US14108,14108,ZCTA5 14108,2214,146,0,0,34
8600000US14109,14109,ZCTA5 14109,215,0,0,162,8
8600000US14111,14111,ZCTA5 14111,1448,104,3,58,47
8600000US14112,14112,ZCTA5 14112,0,0,0,0,0
8600000US14113,14113,ZCTA5 14113,255,19,0,33,12
8600000US14120,14120,ZCTA5 14120,19720,1515,105,225,548
8600000US14125,14125,ZCTA5 14125,1577,226,0,15,29
8600000US14126,14126,ZCTA5 14126,180,0,0,9,0
8600000US14127,14127,ZCTA5 14127,13679,778,92,184,487
8600000US14129,14129,ZCTA5 14129,456,61,0,0,18
8600000US14130,14130,ZCTA5 14130,64,6,0,0,0
8600000US14131,14131,ZCTA5 14131,2445,207,17,67,67
8600000US14132,14132,ZCTA5 14132,2842,96,8,15,136
8600000US14134,14134,ZCTA5 14134,53,8,0,0,0
8600000US14135,14135,ZCTA5 14135,20,6,0,0,0
8600000US14136,14136,ZCTA5 14136,1964,147,0,83,23
8600000US14138,14138,ZCTA5 14138,762,64,1,30,41
8600000US14139,14139,ZCTA5 14139,1119,69,0,35,36
8600000US14141,14141,ZCTA5 14141,2808,315,0,116,54
8600000US14143,14143,ZCTA5 14143,578,10,4,5,11
8600000US14145,14145,ZCTA5 14145,767,62,6,51,14
8600000US14150,14150,ZCTA5 14150,17511,1679,368,604,370
8600000US14167,14167,ZCTA5 14167,673,84,0,31,84
8600000US14168,14168,ZCTA5 14168,48,0,0,0,0
8600000US14169,14169,ZCTA5 14169,90,0,0,0,0
8600000US14170,14170,ZCTA5 14170,1236,82,0,0,54
8600000US14171,14171,ZCTA5 14171,736,103,11,5,38
8600000US14172,14172,ZCTA5 14172,1165,94,0,24,50
8600000US14173,14173,ZCTA5 14173,156,26,0,0,0
8600000US14174,14174,ZCTA5 14174,2321,113,0,55,101
8600000US14201,14201,ZCTA5 14201,2702,449,889,786,126
8600000US14202,14202,ZCTA5 14202,1002,133,71,227,37
8600000US14203,14203,ZCTA5 14203,525,75,53,105,12
8600000US14204,14204,ZCTA5 14204,1867,277,246,290,45
8600000US14206,14206,ZCTA5 14206,6541,789,572,307,56
8600000US14207,14207,ZCTA5 14207,5256,1014,964,347,157
8600000US14208,14208,ZCTA5 14208,2180,408,535,303,106
8600000US14209,14209,ZCTA5 14209,2290,315,358,245,197
8600000US14210,14210,ZCTA5 14210,4205,830,397,335,52
8600000US14211,14211,ZCTA5 14211,4405,1039,1389,329,248
8600000US14212,14212,ZCTA5 14212,2403,424,577,205,40
8600000US14213,14213,ZCTA5 14213,5119,902,1549,602,290
8600000US14214,14214,ZCTA5 14214,6099,858,958,497,408
8600000US14215,14215,ZCTA5 14215,9531,1919,2373,521,428
8600000US14216,14216,ZCTA5 14216,9688,1223,712,391,291
8600000US14217,14217,ZCTA5 14217,9544,1339,299,280,294
8600000US14218,14218,ZCTA5 14218,6381,928,345,156,55
8600000US14219,14219,ZCTA5 14219,5206,399,46,103,116
8600000US14220,14220,ZCTA5 14220,9450,1339,427,344,178
8600000US14221,14221,ZCTA5 14221,22758,1695,170,393,1282
8600000US14222,14222,ZCTA5 14222,6187,512,477,520,246
8600000US14223,14223,ZCTA5 14223,10060,984,189,262,216
8600000US14224,14224,ZCTA5 14224,17739,1809,233,230,411
8600000US14225,14225,ZCTA5 14225,14775,1265,213,164,203
8600000US14226,14226,ZCTA5 14226,12304,974,284,610,621
8600000US14227,14227,ZCTA5 14227,9942,949,63,92,179
8600000US14228,14228,ZCTA5 14228,8604,784,342,206,174
8600000US14261,14261,ZCTA5 14261,573,69,267,541,77
8600000US14301,14301,ZCTA5 14301,3266,209,337,418,54
8600000US14302,14302,ZCTA5 14302,0,0,0,0,0
8600000US14303,14303,ZCTA5 14303,1633,121,74,121,41
8600000US14304,14304,ZCTA5 14304,12269,1157,76,236,274
8600000US14305,14305,ZCTA5 14305,5458,480,277,187,51
8600000US14411,14411,ZCTA5 14411,3781,598,0,106,122
8600000US14414,14414,ZCTA5 14414,3404,167,0,99,129
8600000US14415,14415,ZCTA5 14415,92,33,0,0,10
8600000US14416,14416,ZCTA5 14416,1527,108,0,26,76
8600000US14418,14418,ZCTA5 14418,536,58,0,10,42
8600000US14420,14420,ZCTA5 14420,7510,595,354,979,245
8600000US14422,14422,ZCTA5 14422,1081,147,7,17,20
8600000US14423,14423,ZCTA5 14423,2076,238,0,26,38
8600000US14424,14424,ZCTA5 14424,10791,889,175,323,473
8600000US14425,14425,ZCTA5 14425,5126,580,55,49,220
8600000US14427,14427,ZCTA5 14427,765,164,0,30,24
8600000US14428,14428,ZCTA5 14428,3904,240,0,24,83
8600000US14432,14432,ZCTA5 14432,2547,293,18,113,16
8600000US14433,14433,ZCTA5 14433,1446,102,0,86,92
8600000US14435,14435,ZCTA5 14435,1344,160,3,0,25
8600000US14437,14437,ZCTA5 14437,3370,265,43,331,196
8600000US14441,14441,ZCTA5 14441,181,21,0,2,0
8600000US14445,14445,ZCTA5 14445,3928,206,8,147,72
8600000US14450,14450,ZCTA5 14450,17426,1343,167,308,1277
8600000US14454,14454,ZCTA5 14454,2747,265,61,1079,229
8600000US14456,14456,ZCTA5 14456,6415,1031,73,1044,269
8600000US14462,14462,ZCTA5 14462,236,25,0,0,7
8600000US14464,14464,ZCTA5 14464,3310,291,8,13,146
8600000US14466,14466,ZCTA5 14466,902,116,1,5,17
8600000US14467,14467,ZCTA5 14467,4610,538,94,55,47
8600000US14468,14468,ZCTA5 14468,8359,648,0,139,359
8600000US14469,14469,ZCTA5 14469,2698,317,1,59,149
8600000US14470,14470,ZCTA5 14470,3370,432,29,17,116
8600000US14471,14471,ZCTA5 14471,1082,70,0,122,25
8600000US14472,14472,ZCTA5 14472,3464,126,0,48,460
8600000US14475,14475,ZCTA5 14475,123,0,6,0,0
8600000US14476,14476,ZCTA5 14476,897,72,5,12,48
8600000US14477,14477,ZCTA5 14477,656,104,0,0,0
8600000US14478,14478,ZCTA5 14478,299,86,20,248,61
8600000US14479,14479,ZCTA5 14479,75,23,0,0,0
8600000US14480,14480,ZCTA5 14480,147,69,0,0,0
8600000US14481,14481,ZCTA5 14481,846,24,0,32,97
8600000US14482,14482,ZCTA5 14482,3729,335,1,91,150
8600000US14485,14485,ZCTA5 14485,1708,133,13,132,57
8600000US14486,14486,ZCTA5 14486,166,0,0,0,9
8600000US14487,14487,ZCTA5 14487,2548,168,9,6,102
8600000US14489,14489,ZCTA5 14489,2564,305,32,66,3
8600000US14502,14502,ZCTA5 14502,4730,313,0,9,255
8600000US14504,14504,ZCTA5 14504,875,60,4,10,6
8600000US14505,14505,ZCTA5 14505,1907,490,1,53,34
8600000US14506,14506,ZCTA5 14506,725,20,0,14,41
8600000US14507,14507,ZCTA5 14507,476,44,0,10,35
8600000US14510,14510,ZCTA5 14510,1614,149,12,45,8
8600000US14511,14511,ZCTA5 14511,199,0,0,0,0
8600000US14512,14512,ZCTA5 14512,1674,171,0,58,98
8600000US14513,14513,ZCTA5 14513,4819,520,155,346,156
8600000US14514,14514,ZCTA5 14514,2720,287,0,91,69
8600000US14516,14516,ZCTA5 14516,912,112,0,25,29
8600000US14517,14517,ZCTA5 14517,965,146,11,21,38
8600000US14519,14519,ZCTA5 14519,5393,288,16,68,116
8600000US14521,14521,ZCTA5 14521,749,159,0,51,36
8600000US14522,14522,ZCTA5 14522,4020,315,23,81,198
8600000US14525,14525,ZCTA5 14525,1173,134,11,49,27
8600000US14526,14526,ZCTA5 14526,8239,525,26,100,571
8600000US14527,14527,ZCTA5 14527,3611,451,2,449,554
8600000US14529,14529,ZCTA5 14529,136,0,0,0,0
8600000US14530,14530,ZCTA5 14530,2044,197,10,177,64
8600000US14532,14532,ZCTA5 14532,1886,200,15,91,62
8600000US14533,14533,ZCTA5 14533,792,45,0,62,82
8600000US14534,14534,ZCTA5 14534,12790,812,43,123,1158
8600000US14536,14536,ZCTA5 14536,190,23,2,1,9
8600000US14537,14537,ZCTA5 14537,115,0,0,0,0
8600000US14539,14539,ZCTA5 14539,75,23,0,13,0
8600000US14541,14541,ZCTA5 14541,774,125,0,55,84
8600000US14542,14542,ZCTA5 14542,10,0,0,0,0
8600000US14543,14543,ZCTA5 14543,1628,102,0,0,57
8600000US14544,14544,ZCTA5 14544,908,56,0,22,58
8600000US14545,14545,ZCTA5 14545,87,3,0,0,11
8600000US14546,14546,ZCTA5 14546,2205,275,0,66,112
8600000US14548,14548,ZCTA5 14548,1500,171,24,3,24
8600000US14549,14549,ZCTA5 14549,22,0,5,0,0
8600000US14550,14550,ZCTA5 14550,657,85,12,41,11
8600000US14551,14551,ZCTA5 14551,1844,163,28,56,62
8600000US14555,14555,ZCTA5 14555,354,29,0,8,45
8600000US14559,14559,ZCTA5 14559,8303,653,15,123,343
8600000US14560,14560,ZCTA5 14560,843,70,4,12,21
8600000US14561,14561,ZCTA5 14561,1333,69,2,61,84
8600000US14564,14564,ZCTA5 14564,6305,318,31,58,517
8600000US14568,14568,ZCTA5 14568,2841,167,9,37,91
8600000US14569,14569,ZCTA5 14569,2395,167,1,176,17
8600000US14571,14571,ZCTA5 14571,334,9,0,21,53
8600000US14572,14572,ZCTA5 14572,1772,235,3,28,46
8600000US14580,14580,ZCTA5 14580,22723,1884,168,252,1009
8600000US14585,14585,ZCTA5 14585,23,0,0,0,0
8600000US14586,14586,ZCTA5 14586,4843,568,7,168,281
8600000US14588,14588,ZCTA5 14588,56,0,0,0,0
8600000US14589,14589,ZCTA5 14589,2878,235,0,51,230
8600000US14590,14590,ZCTA5 14590,1683,196,0,94,93
8600000US14591,14591,ZCTA5 14591,591,52,2,7,17
8600000US14592,14592,ZCTA5 14592,99,14,0,0,0
8600000US14604,14604,ZCTA5 14604,358,67,72,196,32
8600000US14605,14605,ZCTA5 14605,2068,518,664,414,65
8600000US14606,14606,ZCTA5 14606,9833,1465,674,327,240
8600000US14607,14607,ZCTA5 14607,8686,459,474,763,275
8600000US14608,14608,ZCTA5 14608,2479,348,679,110,114
8600000US14609,14609,ZCTA5 14609,15284,2559,1144,212,446
8600000US14610,14610,ZCTA5 14610,6403,337,233,65,329
8600000US14611,14611,ZCTA5 14611,3373,542,740,370,56
8600000US14612,14612,ZCTA5 14612,15598,1077,165,134,448
8600000US14613,14613,ZCTA5 14613,3407,636,668,91,55
8600000US14614,14614,ZCTA5 14614,31,7,0,0,0
8600000US14615,14615,ZCTA5 14615,5996,523,401,162,136
8600000US14616,14616,ZCTA5 14616,12152,1057,133,228,200
8600000US14617,14617,ZCTA5 14617,9634,658,105,113,420
8600000US14618,14618,ZCTA5 14618,8833,546,171,749,600
8600000US14619,14619,ZCTA5 14619,4191,743,429,200,149
8600000US14620,14620,ZCTA5 14620,8994,874,772,1800,390
8600000US14621,14621,ZCTA5 14621,7105,1793,1319,655,276
8600000US14622,14622,ZCTA5 14622,5226,339,116,56,284
8600000US14623,14623,ZCTA5 14623,8541,1011,747,1296,390
8600000US14624,14624,ZCTA5 14624,16205,1269,58,343,731
8600000US14625,14625,ZCTA5 14625,4339,164,43,7,335
8600000US14626,14626,ZCTA5 14626,12963,1172,125,181,543
8600000US14627,14627,ZCTA5 14627,98,51,44,583,48
8600000US14701,14701,ZCTA5 14701,13183,2007,86,747,491
8600000US14706,14706,ZCTA5 14706,2406,158,0,34,106
8600000US14707,14707,ZCTA5 14707,58,2,0,4,0
8600000US14708,14708,ZCTA5 14708,89,3,0,0,0
8600000US14709,14709,ZCTA5 14709,412,55,0,54,15
8600000US14710,14710,ZCTA5 14710,1250,107,4,0,92
8600000US14711,14711,ZCTA5 14711,575,102,0,48,51
8600000US14712,14712,ZCTA5 14712,1300,40,0,65,90
8600000US14714,14714,ZCTA5 14714,138,55,2,4,10
8600000US14715,14715,ZCTA5 14715,854,98,0,70,22
8600000US14716,14716,ZCTA5 14716,809,124,0,17,31
8600000US14717,14717,ZCTA5 14717,134,12,0,0,21
8600000US14718,14718,ZCTA5 14718,826,54,2,23,27
8600000US14719,14719,ZCTA5 14719,1206,141,2,54,112
8600000US14720,14720,ZCTA5 14720,339,8,0,0,0
8600000US14721,14721,ZCTA5 14721,65,0,0,5,2
8600000US14722,14722,ZCTA5 14722,6,0,0,31,16
8600000US14723,14723,ZCTA5 14723,427,48,0,10,6
8600000US14724,14724,ZCTA5 14724,870,84,20,82,57
8600000US14726,14726,ZCTA5 14726,388,71,0,40,102
8600000US14727,14727,ZCTA5 14727,1949,184,5,56,74
8600000US14728,14728,ZCTA5 14728,281,24,0,7,6
8600000US14729,14729,ZCTA5 14729,416,53,0,3,23
8600000US14731,14731,ZCTA5 14731,524,18,0,34,14
8600000US14732,14732,ZCTA5 14732,63,4,0,0,0
8600000US14733,14733,ZCTA5 14733,1449,156,0,104,48
8600000US14735,14735,ZCTA5 14735,952,121,0,49,47
8600000US14736,14736,ZCTA5 14736,105,4,0,16,4
8600000US14737,14737,ZCTA5 14737,1382,176,4,63,31
8600000US14738,14738,ZCTA5 14738,1373,219,0,21,33
8600000US14739,14739,ZCTA5 14739,798,113,17,3,13
8600000US14740,14740,ZCTA5 14740,484,28,0,0,33
8600000US14741,14741,ZCTA5 14741,891,32,5,9,36
8600000US14742,14742,ZCTA5 14742,124,0,0,0,0
8600000US14743,14743,ZCTA5 14743,621,62,0,0,18
8600000US14744,14744,ZCTA5 14744,361,76,0,437,56
8600000US14747,14747,ZCTA5 14747,849,72,32,25,19
8600000US14748,14748,ZCTA5 14748,234,26,7,2,20
8600000US14750,14750,ZCTA5 14750,1896,100,0,30,68
8600000US14752,14752,ZCTA5 14752,35,0,0,0,9
8600000US14753,14753,ZCTA5 14753,407,41,0,3,14
8600000US14754,14754,ZCTA5 14754,239,43,0,0,9
8600000US14755,14755,ZCTA5 14755,1137,156,3,50,23
8600000US14756,14756,ZCTA5 14756,51,0,0,0,0
8600000US14757,14757,ZCTA5 14757,1005,157,5,45,156
8600000US14760,14760,ZCTA5 14760,6875,627,43,661,146
8600000US14767,14767,ZCTA5 14767,513,120,4,31,53
8600000US14769,14769,ZCTA5 14769,323,16,1,19,15
8600000US14770,14770,ZCTA5 14770,1036,180,9,35,15
8600000US14772,14772,ZCTA5 14772,1270,126,2,64,73
8600000US14774,14774,ZCTA5 14774,56,0,2,4,0
8600000US14775,14775,ZCTA5 14775,827,172,0,45,27
8600000US14777,14777,ZCTA5 14777,197,21,15,4,2
8600000US14778,14778,ZCTA5 14778,114,0,0,292,25
8600000US14779,14779,ZCTA5 14779,1879,269,7,116,40
8600000US14781,14781,ZCTA5 14781,713,100,0,40,53
8600000US14782,14782,ZCTA5 14782,837,95,5,18,60
8600000US14783,14783,ZCTA5 14783,133,25,0,5,7
8600000US14784,14784,ZCTA5 14784,214,66,0,0,4
8600000US14787,14787,ZCTA5 14787,1682,172,0,115,102
8600000US14788,14788,ZCTA5 14788,109,1,1,0,0
8600000US14801,14801,ZCTA5 14801,1882,263,8,48,62
8600000US14802,14802,ZCTA5 14802,376,79,0,1264,7
8600000US14803,14803,ZCTA5 14803,371,13,0,52,4
8600000US14804,14804,ZCTA5 14804,593,47,3,25,8
8600000US14805,14805,ZCTA5 14805,462,13,9,20,11
8600000US14806,14806,ZCTA5 14806,778,75,20,31,36
8600000US14807,14807,ZCTA5 14807,1213,82,0,29,46
8600000US14808,14808,ZCTA5 14808,128,27,0,10,0
8600000US14809,14809,ZCTA5 14809,751,101,6,18,42
8600000US14810,14810,ZCTA5 14810,3689,405,45,251,142
8600000US14812,14812,ZCTA5 14812,1196,161,0,27,32
8600000US14813,14813,ZCTA5 14813,821,80,10,14,23
8600000US14814,14814,ZCTA5 14814,829,82,21,0,21
8600000US14815,14815,ZCTA5 14815,295,43,0,14,35
8600000US14816,14816,ZCTA5 14816,239,8,0,0,0
8600000US14817,14817,ZCTA5 14817,967,199,77,53,68
8600000US14818,14818,ZCTA5 14818,770,117,5,5,49
8600000US14819,14819,ZCTA5 14819,210,37,0,4,3
8600000US14820,14820,ZCTA5 14820,244,44,3,38,12
8600000US14821,14821,ZCTA5 14821,1097,187,17,45,42
8600000US14822,14822,ZCTA5 14822,374,25,15,3,2
8600000US14823,14823,ZCTA5 14823,1163,134,14,42,31
8600000US14824,14824,ZCTA5 14824,210,10,0,0,0
8600000US14825,14825,ZCTA5 14825,296,58,6,0,22
8600000US14826,14826,ZCTA5 14826,652,51,0,25,33
8600000US14827,14827,ZCTA5 14827,28,0,0,0,0
8600000US14830,14830,ZCTA5 14830,7984,912,10,598,212
8600000US14836,14836,ZCTA5 14836,350,35,3,18,6
8600000US14837,14837,ZCTA5 14837,1502,342,13,149,259
8600000US14838,14838,ZCTA5 14838,892,82,0,0,15
8600000US14839,14839,ZCTA5 14839,244,31,6,28,16
8600000US14840,14840,ZCTA5 14840,970,156,5,57,70
8600000US14841,14841,ZCTA5 14841,195,32,0,0,18
8600000US14842,14842,ZCTA5 14842,345,36,0,27,31
8600000US14843,14843,ZCTA5 14843,4024,677,47,287,111
8600000US14845,14845,ZCTA5 14845,8762,589,31,58,229
8600000US14846,14846,ZCTA5 14846,281,51,0,3,25
8600000US14847,14847,ZCTA5 14847,833,107,20,59,65
8600000US14850,14850,ZCTA5 14850,15740,2525,2812,5770,1902
8600000US14853,14853,ZCTA5 14853,50,11,0,506,69
8600000US14854,14854,ZCTA5 14854,0,17,0,0,0
8600000US14855,14855,ZCTA5 14855,209,31,14,33,28
8600000US14856,14856,ZCTA5 14856,29,53,0,29,0
8600000US14858,14858,ZCTA5 14858,579,108,0,10,0
8600000US14859,14859,ZCTA5 14859,287,33,0,0,5
8600000US14860,14860,ZCTA5 14860,479,78,2,14,7
8600000US14861,14861,ZCTA5 14861,513,30,0,0,32
8600000US14864,14864,ZCTA5 14864,481,66,0,6,5
8600000US14865,14865,ZCTA5 14865,992,143,19,29,29
8600000US14867,14867,ZCTA5 14867,2494,248,11,87,92
8600000US14869,14869,ZCTA5 14869,587,55,4,23,45
8600000US14870,14870,ZCTA5 14870,3882,633,26,119,137
8600000US14871,14871,ZCTA5 14871,1839,161,0,9,26
8600000US14872,14872,ZCTA5 14872,379,0,0,0,25
8600000US14873,14873,ZCTA5 14873,784,110,0,27,78
8600000US14874,14874,ZCTA5 14874,98,4,0,2,0
8600000US14877,14877,ZCTA5 14877,138,11,0,4,22
8600000US14878,14878,ZCTA5 14878,268,18,0,33,6
8600000US14879,14879,ZCTA5 14879,714,49,5,22,32
8600000US14880,14880,ZCTA5 14880,516,36,13,14,11
8600000US14881,14881,ZCTA5 14881,100,81,0,19,0
8600000US14882,14882,ZCTA5 14882,1825,154,8,34,194
8600000US14883,14883,ZCTA5 14883,1337,276,27,12,33
8600000US14884,14884,ZCTA5 14884,103,12,0,0,6
8600000US14885,14885,ZCTA5 14885,245,20,0,14,37
8600000US14886,14886,ZCTA5 14886,2673,456,136,98,150
8600000US14889,14889,ZCTA5 14889,646,92,3,31,19
8600000US14891,14891,ZCTA5 14891,1448,167,7,139,40
8600000US14892,14892,ZCTA5 14892,2877,429,33,92,75
8600000US14893,14893,ZCTA5 14893,0,0,0,0,0
8600000US14894,14894,ZCTA5 14894,450,34,4,3,5
8600000US14895,14895,ZCTA5 14895,3338,371,29,188,55
8600000US14897,14897,ZCTA5 14897,305,10,4,31,25
8600000US14898,14898,ZCTA5 14898,515,90,11,36,27
8600000US14901,14901,ZCTA5 14901,3272,636,315,459,157
8600000US14903,14903,ZCTA5 14903,2835,225,32,116,100
8600000US14904,14904,ZCTA5 14904,5336,850,203,316,115
8600000US14905,14905,ZCTA5 14905,3496,344,62,117,81
