GEO.id,GEO.id2,GEO.display-label,HC03_EST_VC02
Id,Id2,Geography,Median income (dollars); Estimate; Households
0100000US,,United States,57652
8600000US06390,6390,ZCTA5 06390,150703
8600000US07421,7421,ZCTA5 07421,90412
8600000US10001,10001,ZCTA5 10001,85221
8600000US10002,10002,ZCTA5 10002,35449
8600000US10003,10003,ZCTA5 10003,104441
8600000US10004,10004,ZCTA5 10004,140450
8600000US10005,10005,ZCTA5 10005,154213
8600000US10006,10006,ZCTA5 10006,145893
8600000US10007,10007,ZCTA5 10007,242644
8600000US10009,10009,ZCTA5 10009,60521
8600000US10010,10010,ZCTA5 10010,115084
8600000US10011,10011,ZCTA5 10011,123208
8600000US10012,10012,ZCTA5 10012,104561
8600000US10013,10013,ZCTA5 10013,106056
8600000US10014,10014,ZCTA5 10014,127973
8600000US10016,10016,ZCTA5 10016,109250
8600000US10017,10017,ZCTA5 10017,118469
8600000US10018,10018,ZCTA5 10018,107861
8600000US10019,10019,ZCTA5 10019,99063
8600000US10020,10020,ZCTA5 10020,-
8600000US10021,10021,ZCTA5 10021,123842
8600000US10022,10022,ZCTA5 10022,133208
8600000US10023,10023,ZCTA5 10023,123951
8600000US10024,10024,ZCTA5 10024,126107
8600000US10025,10025,ZCTA5 10025,82352
8600000US10026,10026,ZCTA5 10026,54349
8600000US10027,10027,ZCTA5 10027,45536
8600000US10028,10028,ZCTA5 10028,119203
8600000US10029,10029,ZCTA5 10029,34015
8600000US10030,10030,ZCTA5 10030,36118
8600000US10031,10031,ZCTA5 10031,44040
8600000US10032,10032,ZCTA5 10032,41890
8600000US10033,10033,ZCTA5 10033,53044
8600000US10034,10034,ZCTA5 10034,50909
8600000US10035,10035,ZCTA5 10035,27932
8600000US10036,10036,ZCTA5 10036,93707
8600000US10037,10037,ZCTA5 10037,39979
8600000US10038,10038,ZCTA5 10038,85032
8600000US10039,10039,ZCTA5 10039,34197
8600000US10040,10040,ZCTA5 10040,47189
8600000US10044,10044,ZCTA5 10044,92623
8600000US10065,10065,ZCTA5 10065,124322
8600000US10069,10069,ZCTA5 10069,137105
8600000US10075,10075,ZCTA5 10075,129594
8600000US10103,10103,ZCTA5 10103,-
8600000US10110,10110,ZCTA5 10110,-
8600000US10111,10111,ZCTA5 10111,-
8600000US10112,10112,ZCTA5 10112,-
8600000US10115,10115,ZCTA5 10115,-
8600000US10119,10119,ZCTA5 10119,-
8600000US10128,10128,ZCTA5 10128,111937
8600000US10152,10152,ZCTA5 10152,-
8600000US10153,10153,ZCTA5 10153,-
8600000US10154,10154,ZCTA5 10154,-
8600000US10162,10162,ZCTA5 10162,182530
8600000US10165,10165,ZCTA5 10165,-
8600000US10167,10167,ZCTA5 10167,-
8600000US10168,10168,ZCTA5 10168,-
8600000US10169,10169,ZCTA5 10169,-
8600000US10170,10170,ZCTA5 10170,-
8600000US10171,10171,ZCTA5 10171,-
8600000US10172,10172,ZCTA5 10172,-
8600000US10173,10173,ZCTA5 10173,-
8600000US10174,10174,ZCTA5 10174,-
8600000US10177,10177,ZCTA5 10177,-
8600000US10199,10199,ZCTA5 10199,-
8600000US10271,10271,ZCTA5 10271,-
8600000US10278,10278,ZCTA5 10278,-
8600000US10279,10279,ZCTA5 10279,-
8600000US10280,10280,ZCTA5 10280,161419
8600000US10282,10282,ZCTA5 10282,"250,000+"
8600000US10301,10301,ZCTA5 10301,55818
8600000US10302,10302,ZCTA5 10302,60968
8600000US10303,10303,ZCTA5 10303,59898
8600000US10304,10304,ZCTA5 10304,54567
8600000US10305,10305,ZCTA5 10305,76044
8600000US10306,10306,ZCTA5 10306,80025
8600000US10307,10307,ZCTA5 10307,81356
8600000US10308,10308,ZCTA5 10308,91953
8600000US10309,10309,ZCTA5 10309,100343
8600000US10310,10310,ZCTA5 10310,69838
8600000US10311,10311,ZCTA5 10311,-
8600000US10312,10312,ZCTA5 10312,90797
8600000US10314,10314,ZCTA5 10314,80956
8600000US10451,10451,ZCTA5 10451,26979
8600000US10452,10452,ZCTA5 10452,27206
8600000US10453,10453,ZCTA5 10453,24421
8600000US10454,10454,ZCTA5 10454,21542
8600000US10455,10455,ZCTA5 10455,25489
8600000US10456,10456,ZCTA5 10456,26724
8600000US10457,10457,ZCTA5 10457,27036
8600000US10458,10458,ZCTA5 10458,32129
8600000US10459,10459,ZCTA5 10459,25762
8600000US10460,10460,ZCTA5 10460,25948
8600000US10461,10461,ZCTA5 10461,55847
8600000US10462,10462,ZCTA5 10462,49962
8600000US10463,10463,ZCTA5 10463,58881
8600000US10464,10464,ZCTA5 10464,87853
8600000US10465,10465,ZCTA5 10465,74079
8600000US10466,10466,ZCTA5 10466,49906
8600000US10467,10467,ZCTA5 10467,35381
8600000US10468,10468,ZCTA5 10468,35398
8600000US10469,10469,ZCTA5 10469,61090
8600000US10470,10470,ZCTA5 10470,56658
8600000US10471,10471,ZCTA5 10471,80932
8600000US10472,10472,ZCTA5 10472,30593
8600000US10473,10473,ZCTA5 10473,38924
8600000US10474,10474,ZCTA5 10474,25896
8600000US10475,10475,ZCTA5 10475,48734
8600000US10501,10501,ZCTA5 10501,146250
8600000US10502,10502,ZCTA5 10502,159444
8600000US10503,10503,ZCTA5 10503,-
8600000US10504,10504,ZCTA5 10504,213234
8600000US10505,10505,ZCTA5 10505,-
8600000US10506,10506,ZCTA5 10506,217607
8600000US10507,10507,ZCTA5 10507,56736
8600000US10509,10509,ZCTA5 10509,97286
8600000US10510,10510,ZCTA5 10510,160944
8600000US10511,10511,ZCTA5 10511,107201
8600000US10512,10512,ZCTA5 10512,92945
8600000US10514,10514,ZCTA5 10514,"250,000+"
8600000US10516,10516,ZCTA5 10516,101071
8600000US10517,10517,ZCTA5 10517,90125
8600000US10518,10518,ZCTA5 10518,193472
8600000US10519,10519,ZCTA5 10519,-
8600000US10520,10520,ZCTA5 10520,100417
8600000US10522,10522,ZCTA5 10522,126988
8600000US10523,10523,ZCTA5 10523,93033
8600000US10524,10524,ZCTA5 10524,125912
8600000US10526,10526,ZCTA5 10526,123357
8600000US10527,10527,ZCTA5 10527,158977
8600000US10528,10528,ZCTA5 10528,116026
8600000US10530,10530,ZCTA5 10530,103950
8600000US10532,10532,ZCTA5 10532,100278
8600000US10533,10533,ZCTA5 10533,142869
8600000US10535,10535,ZCTA5 10535,65294
8600000US10536,10536,ZCTA5 10536,168490
8600000US10537,10537,ZCTA5 10537,100729
8600000US10538,10538,ZCTA5 10538,165735
8600000US10541,10541,ZCTA5 10541,107296
8600000US10543,10543,ZCTA5 10543,94246
8600000US10545,10545,ZCTA5 10545,-
8600000US10546,10546,ZCTA5 10546,178611
8600000US10547,10547,ZCTA5 10547,97708
8600000US10548,10548,ZCTA5 10548,80369
8600000US10549,10549,ZCTA5 10549,105642
8600000US10550,10550,ZCTA5 10550,43900
8600000US10552,10552,ZCTA5 10552,74386
8600000US10553,10553,ZCTA5 10553,68644
8600000US10560,10560,ZCTA5 10560,138875
8600000US10562,10562,ZCTA5 10562,74226
8600000US10566,10566,ZCTA5 10566,54709
8600000US10567,10567,ZCTA5 10567,114207
8600000US10570,10570,ZCTA5 10570,132601
8600000US10573,10573,ZCTA5 10573,76097
8600000US10576,10576,ZCTA5 10576,195167
8600000US10577,10577,ZCTA5 10577,213173
8600000US10578,10578,ZCTA5 10578,105625
8600000US10579,10579,ZCTA5 10579,116223
8600000US10580,10580,ZCTA5 10580,178333
8600000US10583,10583,ZCTA5 10583,186053
8600000US10588,10588,ZCTA5 10588,76777
8600000US10589,10589,ZCTA5 10589,94901
8600000US10590,10590,ZCTA5 10590,135000
8600000US10591,10591,ZCTA5 10591,89478
8600000US10594,10594,ZCTA5 10594,144750
8600000US10595,10595,ZCTA5 10595,108586
8600000US10596,10596,ZCTA5 10596,92283
8600000US10597,10597,ZCTA5 10597,"250,000+"
8600000US10598,10598,ZCTA5 10598,121250
8600000US10601,10601,ZCTA5 10601,74177
8600000US10603,10603,ZCTA5 10603,100013
8600000US10604,10604,ZCTA5 10604,88750
8600000US10605,10605,ZCTA5 10605,111201
8600000US10606,10606,ZCTA5 10606,79379
8600000US10607,10607,ZCTA5 10607,139135
8600000US10701,10701,ZCTA5 10701,46519
8600000US10703,10703,ZCTA5 10703,60068
8600000US10704,10704,ZCTA5 10704,74908
8600000US10705,10705,ZCTA5 10705,49110
8600000US10706,10706,ZCTA5 10706,132981
8600000US10707,10707,ZCTA5 10707,83445
8600000US10708,10708,ZCTA5 10708,106808
8600000US10709,10709,ZCTA5 10709,113643
8600000US10710,10710,ZCTA5 10710,85417
8600000US10801,10801,ZCTA5 10801,58736
8600000US10803,10803,ZCTA5 10803,146833
8600000US10804,10804,ZCTA5 10804,179527
8600000US10805,10805,ZCTA5 10805,66006
8600000US10901,10901,ZCTA5 10901,94465
8600000US10910,10910,ZCTA5 10910,-
8600000US10911,10911,ZCTA5 10911,-
8600000US10913,10913,ZCTA5 10913,127563
8600000US10914,10914,ZCTA5 10914,131417
8600000US10915,10915,ZCTA5 10915,-
8600000US10916,10916,ZCTA5 10916,104238
8600000US10917,10917,ZCTA5 10917,99950
8600000US10918,10918,ZCTA5 10918,102730
8600000US10919,10919,ZCTA5 10919,100341
8600000US10920,10920,ZCTA5 10920,107036
8600000US10921,10921,ZCTA5 10921,86429
8600000US10922,10922,ZCTA5 10922,98333
8600000US10923,10923,ZCTA5 10923,82813
8600000US10924,10924,ZCTA5 10924,95468
8600000US10925,10925,ZCTA5 10925,84079
8600000US10926,10926,ZCTA5 10926,77813
8600000US10927,10927,ZCTA5 10927,56862
8600000US10928,10928,ZCTA5 10928,74423
8600000US10930,10930,ZCTA5 10930,131832
8600000US10931,10931,ZCTA5 10931,68819
8600000US10932,10932,ZCTA5 10932,-
8600000US10933,10933,ZCTA5 10933,95320
8600000US10940,10940,ZCTA5 10940,60094
8600000US10941,10941,ZCTA5 10941,66812
8600000US10950,10950,ZCTA5 10950,72573
8600000US10952,10952,ZCTA5 10952,56236
8600000US10953,10953,ZCTA5 10953,-
8600000US10954,10954,ZCTA5 10954,100472
8600000US10956,10956,ZCTA5 10956,124606
8600000US10958,10958,ZCTA5 10958,102396
8600000US10960,10960,ZCTA5 10960,83977
8600000US10962,10962,ZCTA5 10962,105000
8600000US10963,10963,ZCTA5 10963,73438
8600000US10964,10964,ZCTA5 10964,121528
8600000US10965,10965,ZCTA5 10965,100962
8600000US10968,10968,ZCTA5 10968,102847
8600000US10969,10969,ZCTA5 10969,83333
8600000US10970,10970,ZCTA5 10970,88919
8600000US10973,10973,ZCTA5 10973,85398
8600000US10974,10974,ZCTA5 10974,88558
8600000US10975,10975,ZCTA5 10975,-
8600000US10976,10976,ZCTA5 10976,59896
8600000US10977,10977,ZCTA5 10977,55277
8600000US10979,10979,ZCTA5 10979,71292
8600000US10980,10980,ZCTA5 10980,98516
8600000US10983,10983,ZCTA5 10983,112831
8600000US10984,10984,ZCTA5 10984,122098
8600000US10985,10985,ZCTA5 10985,173710
8600000US10986,10986,ZCTA5 10986,126959
8600000US10987,10987,ZCTA5 10987,105972
8600000US10988,10988,ZCTA5 10988,81154
8600000US10989,10989,ZCTA5 10989,107690
8600000US10990,10990,ZCTA5 10990,94091
8600000US10992,10992,ZCTA5 10992,95107
8600000US10993,10993,ZCTA5 10993,56154
8600000US10994,10994,ZCTA5 10994,145313
8600000US10996,10996,ZCTA5 10996,100234
8600000US10998,10998,ZCTA5 10998,88548
8600000US11001,11001,ZCTA5 11001,104890
8600000US11003,11003,ZCTA5 11003,94746
8600000US11004,11004,ZCTA5 11004,93315
8600000US11005,11005,ZCTA5 11005,51801
8600000US11010,11010,ZCTA5 11010,102023
8600000US11020,11020,ZCTA5 11020,118906
8600000US11021,11021,ZCTA5 11021,93598
8600000US11023,11023,ZCTA5 11023,111607
8600000US11024,11024,ZCTA5 11024,101824
8600000US11030,11030,ZCTA5 11030,182000
8600000US11040,11040,ZCTA5 11040,118457
8600000US11042,11042,ZCTA5 11042,-
8600000US11050,11050,ZCTA5 11050,112567
8600000US11096,11096,ZCTA5 11096,53875
8600000US11101,11101,ZCTA5 11101,57866
8600000US11102,11102,ZCTA5 11102,60436
8600000US11103,11103,ZCTA5 11103,65229
8600000US11104,11104,ZCTA5 11104,63122
8600000US11105,11105,ZCTA5 11105,68050
8600000US11106,11106,ZCTA5 11106,60725
8600000US11109,11109,ZCTA5 11109,137452
8600000US11201,11201,ZCTA5 11201,116446
8600000US11203,11203,ZCTA5 11203,48140
8600000US11204,11204,ZCTA5 11204,47341
8600000US11205,11205,ZCTA5 11205,51574
8600000US11206,11206,ZCTA5 11206,34122
8600000US11207,11207,ZCTA5 11207,35809
8600000US11208,11208,ZCTA5 11208,39588
8600000US11209,11209,ZCTA5 11209,69578
8600000US11210,11210,ZCTA5 11210,62202
8600000US11211,11211,ZCTA5 11211,66113
8600000US11212,11212,ZCTA5 11212,25677
8600000US11213,11213,ZCTA5 11213,40604
8600000US11214,11214,ZCTA5 11214,53151
8600000US11215,11215,ZCTA5 11215,116893
8600000US11216,11216,ZCTA5 11216,56025
8600000US11217,11217,ZCTA5 11217,99085
8600000US11218,11218,ZCTA5 11218,64152
8600000US11219,11219,ZCTA5 11219,37665
8600000US11220,11220,ZCTA5 11220,42559
8600000US11221,11221,ZCTA5 11221,47170
8600000US11222,11222,ZCTA5 11222,78287
8600000US11223,11223,ZCTA5 11223,46310
8600000US11224,11224,ZCTA5 11224,31630
8600000US11225,11225,ZCTA5 11225,51926
8600000US11226,11226,ZCTA5 11226,48495
8600000US11228,11228,ZCTA5 11228,63697
8600000US11229,11229,ZCTA5 11229,59287
8600000US11230,11230,ZCTA5 11230,46013
8600000US11231,11231,ZCTA5 11231,93575
8600000US11232,11232,ZCTA5 11232,53908
8600000US11233,11233,ZCTA5 11233,36009
8600000US11234,11234,ZCTA5 11234,79490
8600000US11235,11235,ZCTA5 11235,49653
8600000US11236,11236,ZCTA5 11236,63700
8600000US11237,11237,ZCTA5 11237,51269
8600000US11238,11238,ZCTA5 11238,79013
8600000US11239,11239,ZCTA5 11239,26002
8600000US11351,11351,ZCTA5 11351,-
8600000US11354,11354,ZCTA5 11354,44512
8600000US11355,11355,ZCTA5 11355,38370
8600000US11356,11356,ZCTA5 11356,59712
8600000US11357,11357,ZCTA5 11357,81053
8600000US11358,11358,ZCTA5 11358,65932
8600000US11359,11359,ZCTA5 11359,-
8600000US11360,11360,ZCTA5 11360,84476
8600000US11361,11361,ZCTA5 11361,82020
8600000US11362,11362,ZCTA5 11362,80828
8600000US11363,11363,ZCTA5 11363,97784
8600000US11364,11364,ZCTA5 11364,71030
8600000US11365,11365,ZCTA5 11365,63455
8600000US11366,11366,ZCTA5 11366,67115
8600000US11367,11367,ZCTA5 11367,58924
8600000US11368,11368,ZCTA5 11368,47862
8600000US11369,11369,ZCTA5 11369,53426
8600000US11370,11370,ZCTA5 11370,59901
8600000US11371,11371,ZCTA5 11371,-
8600000US11372,11372,ZCTA5 11372,53963
8600000US11373,11373,ZCTA5 11373,49098
8600000US11374,11374,ZCTA5 11374,56863
8600000US11375,11375,ZCTA5 11375,76467
8600000US11377,11377,ZCTA5 11377,54989
8600000US11378,11378,ZCTA5 11378,68460
8600000US11379,11379,ZCTA5 11379,79573
8600000US11385,11385,ZCTA5 11385,64481
8600000US11411,11411,ZCTA5 11411,87231
8600000US11412,11412,ZCTA5 11412,75307
8600000US11413,11413,ZCTA5 11413,83459
8600000US11414,11414,ZCTA5 11414,72632
8600000US11415,11415,ZCTA5 11415,65981
8600000US11416,11416,ZCTA5 11416,61285
8600000US11417,11417,ZCTA5 11417,69989
8600000US11418,11418,ZCTA5 11418,67003
8600000US11419,11419,ZCTA5 11419,65711
8600000US11420,11420,ZCTA5 11420,66220
8600000US11421,11421,ZCTA5 11421,69053
8600000US11422,11422,ZCTA5 11422,86996
8600000US11423,11423,ZCTA5 11423,66455
8600000US11424,11424,ZCTA5 11424,-
8600000US11425,11425,ZCTA5 11425,-
8600000US11426,11426,ZCTA5 11426,83376
8600000US11427,11427,ZCTA5 11427,72874
8600000US11428,11428,ZCTA5 11428,71663
8600000US11429,11429,ZCTA5 11429,80464
8600000US11430,11430,ZCTA5 11430,-
8600000US11432,11432,ZCTA5 11432,52975
8600000US11433,11433,ZCTA5 11433,48795
8600000US11434,11434,ZCTA5 11434,60702
8600000US11435,11435,ZCTA5 11435,59535
8600000US11436,11436,ZCTA5 11436,69259
8600000US11451,11451,ZCTA5 11451,-
8600000US11501,11501,ZCTA5 11501,90007
8600000US11507,11507,ZCTA5 11507,118807
8600000US11509,11509,ZCTA5 11509,140714
8600000US11510,11510,ZCTA5 11510,102810
8600000US11514,11514,ZCTA5 11514,88455
8600000US11516,11516,ZCTA5 11516,98696
8600000US11518,11518,ZCTA5 11518,92682
8600000US11520,11520,ZCTA5 11520,71423
8600000US11530,11530,ZCTA5 11530,151809
8600000US11542,11542,ZCTA5 11542,75685
8600000US11545,11545,ZCTA5 11545,149174
8600000US11547,11547,ZCTA5 11547,96250
8600000US11548,11548,ZCTA5 11548,123056
8600000US11549,11549,ZCTA5 11549,-
8600000US11550,11550,ZCTA5 11550,59580
8600000US11552,11552,ZCTA5 11552,108628
8600000US11553,11553,ZCTA5 11553,69914
8600000US11554,11554,ZCTA5 11554,94513
8600000US11556,11556,ZCTA5 11556,-
8600000US11557,11557,ZCTA5 11557,116754
8600000US11558,11558,ZCTA5 11558,89715
8600000US11559,11559,ZCTA5 11559,106597
8600000US11560,11560,ZCTA5 11560,116875
8600000US11561,11561,ZCTA5 11561,89050
8600000US11563,11563,ZCTA5 11563,91042
8600000US11565,11565,ZCTA5 11565,108656
8600000US11566,11566,ZCTA5 11566,142862
8600000US11568,11568,ZCTA5 11568,175833
8600000US11569,11569,ZCTA5 11569,130547
8600000US11570,11570,ZCTA5 11570,107111
8600000US11572,11572,ZCTA5 11572,109944
8600000US11575,11575,ZCTA5 11575,79232
8600000US11576,11576,ZCTA5 11576,158125
8600000US11577,11577,ZCTA5 11577,126830
8600000US11579,11579,ZCTA5 11579,115822
8600000US11580,11580,ZCTA5 11580,103475
8600000US11581,11581,ZCTA5 11581,104795
8600000US11590,11590,ZCTA5 11590,101095
8600000US11596,11596,ZCTA5 11596,116250
8600000US11598,11598,ZCTA5 11598,140573
8600000US11691,11691,ZCTA5 11691,42434
8600000US11692,11692,ZCTA5 11692,45816
8600000US11693,11693,ZCTA5 11693,57443
8600000US11694,11694,ZCTA5 11694,77547
8600000US11697,11697,ZCTA5 11697,99792
8600000US11701,11701,ZCTA5 11701,80563
8600000US11702,11702,ZCTA5 11702,118708
8600000US11703,11703,ZCTA5 11703,94407
8600000US11704,11704,ZCTA5 11704,84448
8600000US11705,11705,ZCTA5 11705,106474
8600000US11706,11706,ZCTA5 11706,84405
8600000US11709,11709,ZCTA5 11709,102722
8600000US11710,11710,ZCTA5 11710,122627
8600000US11713,11713,ZCTA5 11713,72569
8600000US11714,11714,ZCTA5 11714,105011
8600000US11715,11715,ZCTA5 11715,117313
8600000US11716,11716,ZCTA5 11716,83000
8600000US11717,11717,ZCTA5 11717,74202
8600000US11718,11718,ZCTA5 11718,123152
8600000US11719,11719,ZCTA5 11719,82083
8600000US11720,11720,ZCTA5 11720,97682
8600000US11721,11721,ZCTA5 11721,123333
8600000US11722,11722,ZCTA5 11722,68588
8600000US11724,11724,ZCTA5 11724,207656
8600000US11725,11725,ZCTA5 11725,119503
8600000US11726,11726,ZCTA5 11726,71418
8600000US11727,11727,ZCTA5 11727,79302
8600000US11729,11729,ZCTA5 11729,86124
8600000US11730,11730,ZCTA5 11730,119826
8600000US11731,11731,ZCTA5 11731,106854
8600000US11732,11732,ZCTA5 11732,111000
8600000US11733,11733,ZCTA5 11733,147330
8600000US11735,11735,ZCTA5 11735,102500
8600000US11738,11738,ZCTA5 11738,97583
8600000US11739,11739,ZCTA5 11739,135781
8600000US11740,11740,ZCTA5 11740,102455
8600000US11741,11741,ZCTA5 11741,99308
8600000US11742,11742,ZCTA5 11742,94595
8600000US11743,11743,ZCTA5 11743,119133
8600000US11746,11746,ZCTA5 11746,107221
8600000US11747,11747,ZCTA5 11747,119876
8600000US11749,11749,ZCTA5 11749,90966
8600000US11751,11751,ZCTA5 11751,95975
8600000US11752,11752,ZCTA5 11752,94593
8600000US11753,11753,ZCTA5 11753,166272
8600000US11754,11754,ZCTA5 11754,100822
8600000US11755,11755,ZCTA5 11755,103574
8600000US11756,11756,ZCTA5 11756,108999
8600000US11757,11757,ZCTA5 11757,84727
8600000US11758,11758,ZCTA5 11758,111189
8600000US11762,11762,ZCTA5 11762,124220
8600000US11763,11763,ZCTA5 11763,82543
8600000US11764,11764,ZCTA5 11764,120063
8600000US11765,11765,ZCTA5 11765,206250
8600000US11766,11766,ZCTA5 11766,112953
8600000US11767,11767,ZCTA5 11767,120230
8600000US11768,11768,ZCTA5 11768,122080
8600000US11769,11769,ZCTA5 11769,89673
8600000US11770,11770,ZCTA5 11770,98750
8600000US11771,11771,ZCTA5 11771,122589
8600000US11772,11772,ZCTA5 11772,70618
8600000US11776,11776,ZCTA5 11776,97068
8600000US11777,11777,ZCTA5 11777,106840
8600000US11778,11778,ZCTA5 11778,93677
8600000US11779,11779,ZCTA5 11779,91486
8600000US11780,11780,ZCTA5 11780,114423
8600000US11782,11782,ZCTA5 11782,108679
8600000US11783,11783,ZCTA5 11783,124861
8600000US11784,11784,ZCTA5 11784,87379
8600000US11786,11786,ZCTA5 11786,126625
8600000US11787,11787,ZCTA5 11787,122917
8600000US11788,11788,ZCTA5 11788,108074
8600000US11789,11789,ZCTA5 11789,81761
8600000US11790,11790,ZCTA5 11790,135197
8600000US11791,11791,ZCTA5 11791,163801
8600000US11792,11792,ZCTA5 11792,125000
8600000US11793,11793,ZCTA5 11793,126875
8600000US11794,11794,ZCTA5 11794,-
8600000US11795,11795,ZCTA5 11795,111581
8600000US11796,11796,ZCTA5 11796,92500
8600000US11797,11797,ZCTA5 11797,166949
8600000US11798,11798,ZCTA5 11798,75350
8600000US11801,11801,ZCTA5 11801,100245
8600000US11803,11803,ZCTA5 11803,134375
8600000US11804,11804,ZCTA5 11804,112153
8600000US11901,11901,ZCTA5 11901,59624
8600000US11930,11930,ZCTA5 11930,94185
8600000US11931,11931,ZCTA5 11931,-
8600000US11932,11932,ZCTA5 11932,82188
8600000US11933,11933,ZCTA5 11933,57933
8600000US11934,11934,ZCTA5 11934,100691
8600000US11935,11935,ZCTA5 11935,94228
8600000US11937,11937,ZCTA5 11937,94612
8600000US11939,11939,ZCTA5 11939,72566
8600000US11940,11940,ZCTA5 11940,102197
8600000US11941,11941,ZCTA5 11941,106563
8600000US11942,11942,ZCTA5 11942,82446
8600000US11944,11944,ZCTA5 11944,59254
8600000US11946,11946,ZCTA5 11946,78284
8600000US11947,11947,ZCTA5 11947,-
8600000US11948,11948,ZCTA5 11948,84631
8600000US11949,11949,ZCTA5 11949,103542
8600000US11950,11950,ZCTA5 11950,75093
8600000US11951,11951,ZCTA5 11951,66493
8600000US11952,11952,ZCTA5 11952,81380
8600000US11953,11953,ZCTA5 11953,72635
8600000US11954,11954,ZCTA5 11954,87717
8600000US11955,11955,ZCTA5 11955,62256
8600000US11956,11956,ZCTA5 11956,66477
8600000US11957,11957,ZCTA5 11957,71125
8600000US11958,11958,ZCTA5 11958,87750
8600000US11959,11959,ZCTA5 11959,92750
8600000US11960,11960,ZCTA5 11960,84375
8600000US11961,11961,ZCTA5 11961,61932
8600000US11962,11962,ZCTA5 11962,118250
8600000US11963,11963,ZCTA5 11963,90833
8600000US11964,11964,ZCTA5 11964,81352
8600000US11965,11965,ZCTA5 11965,119583
8600000US11967,11967,ZCTA5 11967,82378
8600000US11968,11968,ZCTA5 11968,82809
8600000US11970,11970,ZCTA5 11970,-
8600000US11971,11971,ZCTA5 11971,81654
8600000US11972,11972,ZCTA5 11972,86083
8600000US11973,11973,ZCTA5 11973,-
8600000US11975,11975,ZCTA5 11975,71875
8600000US11976,11976,ZCTA5 11976,115875
8600000US11977,11977,ZCTA5 11977,106354
8600000US11978,11978,ZCTA5 11978,84516
8600000US11980,11980,ZCTA5 11980,96574
8600000US12007,12007,ZCTA5 12007,-
8600000US12008,12008,ZCTA5 12008,103472
8600000US12009,12009,ZCTA5 12009,93975
8600000US12010,12010,ZCTA5 12010,49553
8600000US12015,12015,ZCTA5 12015,58684
8600000US12017,12017,ZCTA5 12017,75809
8600000US12018,12018,ZCTA5 12018,91075
8600000US12019,12019,ZCTA5 12019,98600
8600000US12020,12020,ZCTA5 12020,77157
8600000US12022,12022,ZCTA5 12022,50833
8600000US12023,12023,ZCTA5 12023,68807
8600000US12024,12024,ZCTA5 12024,-
8600000US12025,12025,ZCTA5 12025,66548
8600000US12027,12027,ZCTA5 12027,92159
8600000US12028,12028,ZCTA5 12028,69338
8600000US12029,12029,ZCTA5 12029,84342
8600000US12031,12031,ZCTA5 12031,43125
8600000US12032,12032,ZCTA5 12032,47738
8600000US12033,12033,ZCTA5 12033,73521
8600000US12035,12035,ZCTA5 12035,35921
8600000US12036,12036,ZCTA5 12036,41696
8600000US12037,12037,ZCTA5 12037,63182
8600000US12040,12040,ZCTA5 12040,40809
8600000US12041,12041,ZCTA5 12041,87566
8600000US12042,12042,ZCTA5 12042,44583
8600000US12043,12043,ZCTA5 12043,48778
8600000US12045,12045,ZCTA5 12045,51389
8600000US12046,12046,ZCTA5 12046,82692
8600000US12047,12047,ZCTA5 12047,53977
8600000US12051,12051,ZCTA5 12051,64777
8600000US12052,12052,ZCTA5 12052,66579
8600000US12053,12053,ZCTA5 12053,85721
8600000US12054,12054,ZCTA5 12054,100677
8600000US12056,12056,ZCTA5 12056,84150
8600000US12057,12057,ZCTA5 12057,60625
8600000US12058,12058,ZCTA5 12058,82768
8600000US12059,12059,ZCTA5 12059,84091
8600000US12060,12060,ZCTA5 12060,71500
8600000US12061,12061,ZCTA5 12061,82378
8600000US12062,12062,ZCTA5 12062,72500
8600000US12063,12063,ZCTA5 12063,81607
8600000US12064,12064,ZCTA5 12064,44545
8600000US12065,12065,ZCTA5 12065,86892
8600000US12066,12066,ZCTA5 12066,62284
8600000US12067,12067,ZCTA5 12067,75909
8600000US12068,12068,ZCTA5 12068,58673
8600000US12069,12069,ZCTA5 12069,38984
8600000US12070,12070,ZCTA5 12070,65433
8600000US12071,12071,ZCTA5 12071,52375
8600000US12072,12072,ZCTA5 12072,50156
8600000US12074,12074,ZCTA5 12074,71314
8600000US12075,12075,ZCTA5 12075,61922
8600000US12076,12076,ZCTA5 12076,57778
8600000US12077,12077,ZCTA5 12077,98716
8600000US12078,12078,ZCTA5 12078,40692
8600000US12083,12083,ZCTA5 12083,72035
8600000US12084,12084,ZCTA5 12084,64868
8600000US12085,12085,ZCTA5 12085,43710
8600000US12086,12086,ZCTA5 12086,57727
8600000US12087,12087,ZCTA5 12087,73720
8600000US12089,12089,ZCTA5 12089,94904
8600000US12090,12090,ZCTA5 12090,49444
8600000US12092,12092,ZCTA5 12092,32692
8600000US12093,12093,ZCTA5 12093,51316
8600000US12094,12094,ZCTA5 12094,81850
8600000US12095,12095,ZCTA5 12095,51022
8600000US12106,12106,ZCTA5 12106,74688
8600000US12108,12108,ZCTA5 12108,66667
8600000US12110,12110,ZCTA5 12110,76652
8600000US12115,12115,ZCTA5 12115,85682
8600000US12116,12116,ZCTA5 12116,50278
8600000US12117,12117,ZCTA5 12117,55417
8600000US12118,12118,ZCTA5 12118,70042
8600000US12120,12120,ZCTA5 12120,49732
8600000US12121,12121,ZCTA5 12121,79817
8600000US12122,12122,ZCTA5 12122,45188
8600000US12123,12123,ZCTA5 12123,82478
8600000US12124,12124,ZCTA5 12124,98220
8600000US12125,12125,ZCTA5 12125,54015
8600000US12130,12130,ZCTA5 12130,-
8600000US12131,12131,ZCTA5 12131,53750
8600000US12132,12132,ZCTA5 12132,49395
8600000US12134,12134,ZCTA5 12134,53269
8600000US12136,12136,ZCTA5 12136,102829
8600000US12137,12137,ZCTA5 12137,64213
8600000US12138,12138,ZCTA5 12138,58036
8600000US12139,12139,ZCTA5 12139,57750
8600000US12140,12140,ZCTA5 12140,94226
8600000US12143,12143,ZCTA5 12143,55179
8600000US12144,12144,ZCTA5 12144,65591
8600000US12147,12147,ZCTA5 12147,69375
8600000US12148,12148,ZCTA5 12148,107302
8600000US12149,12149,ZCTA5 12149,51417
8600000US12150,12150,ZCTA5 12150,66944
8600000US12151,12151,ZCTA5 12151,83681
8600000US12153,12153,ZCTA5 12153,78942
8600000US12154,12154,ZCTA5 12154,65890
8600000US12155,12155,ZCTA5 12155,49250
8600000US12156,12156,ZCTA5 12156,68393
8600000US12157,12157,ZCTA5 12157,59500
8600000US12158,12158,ZCTA5 12158,85458
8600000US12159,12159,ZCTA5 12159,86991
8600000US12160,12160,ZCTA5 12160,66667
8600000US12161,12161,ZCTA5 12161,78750
8600000US12164,12164,ZCTA5 12164,65625
8600000US12165,12165,ZCTA5 12165,-
8600000US12166,12166,ZCTA5 12166,44659
8600000US12167,12167,ZCTA5 12167,45650
8600000US12168,12168,ZCTA5 12168,63576
8600000US12169,12169,ZCTA5 12169,95673
8600000US12170,12170,ZCTA5 12170,66231
8600000US12172,12172,ZCTA5 12172,46176
8600000US12173,12173,ZCTA5 12173,80238
8600000US12174,12174,ZCTA5 12174,-
8600000US12175,12175,ZCTA5 12175,50694
8600000US12176,12176,ZCTA5 12176,75846
8600000US12177,12177,ZCTA5 12177,58269
8600000US12180,12180,ZCTA5 12180,50669
8600000US12182,12182,ZCTA5 12182,45281
8600000US12183,12183,ZCTA5 12183,49875
8600000US12184,12184,ZCTA5 12184,76250
8600000US12185,12185,ZCTA5 12185,78472
8600000US12186,12186,ZCTA5 12186,92852
8600000US12187,12187,ZCTA5 12187,49732
8600000US12188,12188,ZCTA5 12188,65991
8600000US12189,12189,ZCTA5 12189,52363
8600000US12190,12190,ZCTA5 12190,53125
8600000US12192,12192,ZCTA5 12192,83533
8600000US12193,12193,ZCTA5 12193,77396
8600000US12194,12194,ZCTA5 12194,45500
8600000US12195,12195,ZCTA5 12195,19359
8600000US12196,12196,ZCTA5 12196,91699
8600000US12197,12197,ZCTA5 12197,45488
8600000US12198,12198,ZCTA5 12198,82864
8600000US12202,12202,ZCTA5 12202,28857
8600000US12203,12203,ZCTA5 12203,55817
8600000US12204,12204,ZCTA5 12204,50721
8600000US12205,12205,ZCTA5 12205,64107
8600000US12206,12206,ZCTA5 12206,31812
8600000US12207,12207,ZCTA5 12207,12396
8600000US12208,12208,ZCTA5 12208,60430
8600000US12209,12209,ZCTA5 12209,49853
8600000US12210,12210,ZCTA5 12210,46712
8600000US12211,12211,ZCTA5 12211,100357
8600000US12222,12222,ZCTA5 12222,-
8600000US12302,12302,ZCTA5 12302,74199
8600000US12303,12303,ZCTA5 12303,61916
8600000US12304,12304,ZCTA5 12304,48750
8600000US12305,12305,ZCTA5 12305,30625
8600000US12306,12306,ZCTA5 12306,62977
8600000US12307,12307,ZCTA5 12307,22394
8600000US12308,12308,ZCTA5 12308,48337
8600000US12309,12309,ZCTA5 12309,101594
8600000US12401,12401,ZCTA5 12401,51016
8600000US12404,12404,ZCTA5 12404,60625
8600000US12405,12405,ZCTA5 12405,48750
8600000US12406,12406,ZCTA5 12406,42153
8600000US12407,12407,ZCTA5 12407,37031
8600000US12409,12409,ZCTA5 12409,88906
8600000US12410,12410,ZCTA5 12410,58000
8600000US12411,12411,ZCTA5 12411,84474
8600000US12412,12412,ZCTA5 12412,65676
8600000US12413,12413,ZCTA5 12413,38333
8600000US12414,12414,ZCTA5 12414,41264
8600000US12416,12416,ZCTA5 12416,25769
8600000US12417,12417,ZCTA5 12417,79063
8600000US12418,12418,ZCTA5 12418,72727
8600000US12419,12419,ZCTA5 12419,51563
8600000US12420,12420,ZCTA5 12420,100938
8600000US12421,12421,ZCTA5 12421,53942
8600000US12422,12422,ZCTA5 12422,81000
8600000US12423,12423,ZCTA5 12423,43789
8600000US12424,12424,ZCTA5 12424,68750
8600000US12427,12427,ZCTA5 12427,92262
8600000US12428,12428,ZCTA5 12428,46037
8600000US12429,12429,ZCTA5 12429,88750
8600000US12430,12430,ZCTA5 12430,52483
8600000US12431,12431,ZCTA5 12431,38605
8600000US12432,12432,ZCTA5 12432,52969
8600000US12433,12433,ZCTA5 12433,138134
8600000US12434,12434,ZCTA5 12434,31905
8600000US12435,12435,ZCTA5 12435,58958
8600000US12436,12436,ZCTA5 12436,-
8600000US12438,12438,ZCTA5 12438,-
8600000US12439,12439,ZCTA5 12439,41705
8600000US12440,12440,ZCTA5 12440,59250
8600000US12441,12441,ZCTA5 12441,-
8600000US12442,12442,ZCTA5 12442,35273
8600000US12443,12443,ZCTA5 12443,85781
8600000US12444,12444,ZCTA5 12444,53750
8600000US12446,12446,ZCTA5 12446,57328
8600000US12448,12448,ZCTA5 12448,109531
8600000US12449,12449,ZCTA5 12449,44500
8600000US12450,12450,ZCTA5 12450,-
8600000US12451,12451,ZCTA5 12451,64963
8600000US12452,12452,ZCTA5 12452,29583
8600000US12453,12453,ZCTA5 12453,35755
8600000US12454,12454,ZCTA5 12454,70313
8600000US12455,12455,ZCTA5 12455,41736
8600000US12456,12456,ZCTA5 12456,46198
8600000US12457,12457,ZCTA5 12457,34583
8600000US12458,12458,ZCTA5 12458,52798
8600000US12459,12459,ZCTA5 12459,39213
8600000US12460,12460,ZCTA5 12460,25809
8600000US12461,12461,ZCTA5 12461,64120
8600000US12463,12463,ZCTA5 12463,72125
8600000US12464,12464,ZCTA5 12464,40256
8600000US12465,12465,ZCTA5 12465,57404
8600000US12466,12466,ZCTA5 12466,68893
8600000US12468,12468,ZCTA5 12468,48750
8600000US12469,12469,ZCTA5 12469,49500
8600000US12470,12470,ZCTA5 12470,47375
8600000US12471,12471,ZCTA5 12471,-
8600000US12472,12472,ZCTA5 12472,54318
8600000US12473,12473,ZCTA5 12473,75125
8600000US12474,12474,ZCTA5 12474,45486
8600000US12475,12475,ZCTA5 12475,-
8600000US12477,12477,ZCTA5 12477,58478
8600000US12480,12480,ZCTA5 12480,68472
8600000US12481,12481,ZCTA5 12481,56053
8600000US12482,12482,ZCTA5 12482,41220
8600000US12483,12483,ZCTA5 12483,-
8600000US12484,12484,ZCTA5 12484,60517
8600000US12485,12485,ZCTA5 12485,54918
8600000US12486,12486,ZCTA5 12486,93011
8600000US12487,12487,ZCTA5 12487,64699
8600000US12489,12489,ZCTA5 12489,78649
8600000US12490,12490,ZCTA5 12490,-
8600000US12491,12491,ZCTA5 12491,62868
8600000US12492,12492,ZCTA5 12492,50455
8600000US12493,12493,ZCTA5 12493,88173
8600000US12494,12494,ZCTA5 12494,65913
8600000US12495,12495,ZCTA5 12495,130750
8600000US12496,12496,ZCTA5 12496,57045
8600000US12498,12498,ZCTA5 12498,72722
8600000US12501,12501,ZCTA5 12501,64250
8600000US12502,12502,ZCTA5 12502,76034
8600000US12503,12503,ZCTA5 12503,65104
8600000US12504,12504,ZCTA5 12504,145833
8600000US12507,12507,ZCTA5 12507,73250
8600000US12508,12508,ZCTA5 12508,73396
8600000US12512,12512,ZCTA5 12512,-
8600000US12513,12513,ZCTA5 12513,65660
8600000US12514,12514,ZCTA5 12514,104621
8600000US12515,12515,ZCTA5 12515,55976
8600000US12516,12516,ZCTA5 12516,71435
8600000US12517,12517,ZCTA5 12517,44833
8600000US12518,12518,ZCTA5 12518,76506
8600000US12520,12520,ZCTA5 12520,102386
8600000US12521,12521,ZCTA5 12521,90046
8600000US12522,12522,ZCTA5 12522,51799
8600000US12523,12523,ZCTA5 12523,75263
8600000US12524,12524,ZCTA5 12524,79197
8600000US12525,12525,ZCTA5 12525,75167
8600000US12526,12526,ZCTA5 12526,74744
8600000US12527,12527,ZCTA5 12527,-
8600000US12528,12528,ZCTA5 12528,71857
8600000US12529,12529,ZCTA5 12529,59375
8600000US12530,12530,ZCTA5 12530,-
8600000US12531,12531,ZCTA5 12531,81860
8600000US12533,12533,ZCTA5 12533,101762
8600000US12534,12534,ZCTA5 12534,46508
8600000US12538,12538,ZCTA5 12538,73621
8600000US12540,12540,ZCTA5 12540,109444
8600000US12542,12542,ZCTA5 12542,75000
8600000US12543,12543,ZCTA5 12543,61563
8600000US12545,12545,ZCTA5 12545,81219
8600000US12546,12546,ZCTA5 12546,54931
8600000US12547,12547,ZCTA5 12547,78963
8600000US12548,12548,ZCTA5 12548,55703
8600000US12549,12549,ZCTA5 12549,90792
8600000US12550,12550,ZCTA5 12550,58534
8600000US12553,12553,ZCTA5 12553,73836
8600000US12561,12561,ZCTA5 12561,68340
8600000US12563,12563,ZCTA5 12563,88438
8600000US12564,12564,ZCTA5 12564,84556
8600000US12565,12565,ZCTA5 12565,39891
8600000US12566,12566,ZCTA5 12566,76148
8600000US12567,12567,ZCTA5 12567,57727
8600000US12569,12569,ZCTA5 12569,80050
8600000US12570,12570,ZCTA5 12570,102835
8600000US12571,12571,ZCTA5 12571,74142
8600000US12572,12572,ZCTA5 12572,79628
8600000US12574,12574,ZCTA5 12574,-
8600000US12575,12575,ZCTA5 12575,101912
8600000US12577,12577,ZCTA5 12577,126442
8600000US12578,12578,ZCTA5 12578,102639
8600000US12580,12580,ZCTA5 12580,75750
8600000US12581,12581,ZCTA5 12581,76750
8600000US12582,12582,ZCTA5 12582,103771
8600000US12583,12583,ZCTA5 12583,74375
8600000US12585,12585,ZCTA5 12585,110114
8600000US12586,12586,ZCTA5 12586,74350
8600000US12589,12589,ZCTA5 12589,83143
8600000US12590,12590,ZCTA5 12590,84295
8600000US12592,12592,ZCTA5 12592,53906
8600000US12594,12594,ZCTA5 12594,62953
8600000US12601,12601,ZCTA5 12601,43802
8600000US12603,12603,ZCTA5 12603,80240
8600000US12604,12604,ZCTA5 12604,-
8600000US12701,12701,ZCTA5 12701,37767
8600000US12719,12719,ZCTA5 12719,56923
8600000US12720,12720,ZCTA5 12720,82560
8600000US12721,12721,ZCTA5 12721,64801
8600000US12722,12722,ZCTA5 12722,73250
8600000US12723,12723,ZCTA5 12723,53600
8600000US12724,12724,ZCTA5 12724,64491
8600000US12725,12725,ZCTA5 12725,78333
8600000US12726,12726,ZCTA5 12726,67813
8600000US12729,12729,ZCTA5 12729,49091
8600000US12732,12732,ZCTA5 12732,40625
8600000US12733,12733,ZCTA5 12733,32188
8600000US12734,12734,ZCTA5 12734,73300
8600000US12736,12736,ZCTA5 12736,-
8600000US12737,12737,ZCTA5 12737,75488
8600000US12738,12738,ZCTA5 12738,61830
8600000US12740,12740,ZCTA5 12740,70608
8600000US12741,12741,ZCTA5 12741,57857
8600000US12742,12742,ZCTA5 12742,-
8600000US12743,12743,ZCTA5 12743,51635
8600000US12745,12745,ZCTA5 12745,59000
8600000US12746,12746,ZCTA5 12746,90690
8600000US12747,12747,ZCTA5 12747,64708
8600000US12748,12748,ZCTA5 12748,66500
8600000US12749,12749,ZCTA5 12749,52829
8600000US12750,12750,ZCTA5 12750,78125
8600000US12751,12751,ZCTA5 12751,50288
8600000US12752,12752,ZCTA5 12752,40000
8600000US12754,12754,ZCTA5 12754,37485
8600000US12758,12758,ZCTA5 12758,50388
8600000US12759,12759,ZCTA5 12759,27450
8600000US12760,12760,ZCTA5 12760,57560
8600000US12762,12762,ZCTA5 12762,38571
8600000US12763,12763,ZCTA5 12763,67734
8600000US12764,12764,ZCTA5 12764,46736
8600000US12765,12765,ZCTA5 12765,88553
8600000US12766,12766,ZCTA5 12766,68661
8600000US12767,12767,ZCTA5 12767,108250
8600000US12768,12768,ZCTA5 12768,64278
8600000US12769,12769,ZCTA5 12769,76250
8600000US12770,12770,ZCTA5 12770,70703
8600000US12771,12771,ZCTA5 12771,52333
8600000US12775,12775,ZCTA5 12775,94643
8600000US12776,12776,ZCTA5 12776,53516
8600000US12777,12777,ZCTA5 12777,80500
8600000US12778,12778,ZCTA5 12778,-
8600000US12779,12779,ZCTA5 12779,37900
8600000US12780,12780,ZCTA5 12780,44412
8600000US12781,12781,ZCTA5 12781,-
8600000US12783,12783,ZCTA5 12783,66917
8600000US12784,12784,ZCTA5 12784,-
8600000US12785,12785,ZCTA5 12785,50750
8600000US12786,12786,ZCTA5 12786,49886
8600000US12787,12787,ZCTA5 12787,58214
8600000US12788,12788,ZCTA5 12788,58103
8600000US12789,12789,ZCTA5 12789,45250
8600000US12790,12790,ZCTA5 12790,62391
8600000US12791,12791,ZCTA5 12791,77600
8600000US12792,12792,ZCTA5 12792,42813
8600000US12801,12801,ZCTA5 12801,48901
8600000US12803,12803,ZCTA5 12803,60371
8600000US12804,12804,ZCTA5 12804,70273
8600000US12808,12808,ZCTA5 12808,62396
8600000US12809,12809,ZCTA5 12809,50950
8600000US12810,12810,ZCTA5 12810,58304
8600000US12811,12811,ZCTA5 12811,-
8600000US12812,12812,ZCTA5 12812,71042
8600000US12814,12814,ZCTA5 12814,57857
8600000US12815,12815,ZCTA5 12815,63036
8600000US12816,12816,ZCTA5 12816,53281
8600000US12817,12817,ZCTA5 12817,61463
8600000US12819,12819,ZCTA5 12819,59643
8600000US12821,12821,ZCTA5 12821,-
8600000US12822,12822,ZCTA5 12822,55263
8600000US12823,12823,ZCTA5 12823,-
8600000US12824,12824,ZCTA5 12824,64231
8600000US12827,12827,ZCTA5 12827,62404
8600000US12828,12828,ZCTA5 12828,50320
8600000US12831,12831,ZCTA5 12831,82443
8600000US12832,12832,ZCTA5 12832,41635
8600000US12833,12833,ZCTA5 12833,80469
8600000US12834,12834,ZCTA5 12834,72523
8600000US12835,12835,ZCTA5 12835,55893
8600000US12836,12836,ZCTA5 12836,58281
8600000US12837,12837,ZCTA5 12837,60573
8600000US12838,12838,ZCTA5 12838,59044
8600000US12839,12839,ZCTA5 12839,47407
8600000US12841,12841,ZCTA5 12841,55208
8600000US12842,12842,ZCTA5 12842,55813
8600000US12843,12843,ZCTA5 12843,32177
8600000US12844,12844,ZCTA5 12844,60469
8600000US12845,12845,ZCTA5 12845,67278
8600000US12846,12846,ZCTA5 12846,53676
8600000US12847,12847,ZCTA5 12847,55694
8600000US12849,12849,ZCTA5 12849,66635
8600000US12850,12850,ZCTA5 12850,76316
8600000US12851,12851,ZCTA5 12851,39792
8600000US12852,12852,ZCTA5 12852,46500
8600000US12853,12853,ZCTA5 12853,38813
8600000US12855,12855,ZCTA5 12855,45000
8600000US12856,12856,ZCTA5 12856,-
8600000US12857,12857,ZCTA5 12857,56875
8600000US12858,12858,ZCTA5 12858,72188
8600000US12859,12859,ZCTA5 12859,66250
8600000US12860,12860,ZCTA5 12860,65286
8600000US12861,12861,ZCTA5 12861,54333
8600000US12862,12862,ZCTA5 12862,-
8600000US12863,12863,ZCTA5 12863,116125
8600000US12864,12864,ZCTA5 12864,-
8600000US12865,12865,ZCTA5 12865,60172
8600000US12866,12866,ZCTA5 12866,77977
8600000US12870,12870,ZCTA5 12870,48542
8600000US12871,12871,ZCTA5 12871,68493
8600000US12872,12872,ZCTA5 12872,29625
8600000US12873,12873,ZCTA5 12873,47917
8600000US12874,12874,ZCTA5 12874,71458
8600000US12878,12878,ZCTA5 12878,51389
8600000US12883,12883,ZCTA5 12883,48750
8600000US12884,12884,ZCTA5 12884,43750
8600000US12885,12885,ZCTA5 12885,48264
8600000US12886,12886,ZCTA5 12886,98571
8600000US12887,12887,ZCTA5 12887,44677
8600000US12901,12901,ZCTA5 12901,48563
8600000US12903,12903,ZCTA5 12903,57625
8600000US12910,12910,ZCTA5 12910,45444
8600000US12911,12911,ZCTA5 12911,-
8600000US12912,12912,ZCTA5 12912,57819
8600000US12913,12913,ZCTA5 12913,57813
8600000US12914,12914,ZCTA5 12914,50938
8600000US12916,12916,ZCTA5 12916,62549
8600000US12917,12917,ZCTA5 12917,52171
8600000US12918,12918,ZCTA5 12918,61886
8600000US12919,12919,ZCTA5 12919,35641
8600000US12920,12920,ZCTA5 12920,55615
8600000US12921,12921,ZCTA5 12921,74668
8600000US12922,12922,ZCTA5 12922,-
8600000US12923,12923,ZCTA5 12923,41667
8600000US12924,12924,ZCTA5 12924,-
8600000US12926,12926,ZCTA5 12926,47857
8600000US12927,12927,ZCTA5 12927,35625
8600000US12928,12928,ZCTA5 12928,52878
8600000US12929,12929,ZCTA5 12929,46500
8600000US12930,12930,ZCTA5 12930,48750
8600000US12932,12932,ZCTA5 12932,47950
8600000US12933,12933,ZCTA5 12933,-
8600000US12934,12934,ZCTA5 12934,43036
8600000US12935,12935,ZCTA5 12935,49563
8600000US12936,12936,ZCTA5 12936,64167
8600000US12937,12937,ZCTA5 12937,44609
8600000US12939,12939,ZCTA5 12939,56389
8600000US12941,12941,ZCTA5 12941,65099
8600000US12942,12942,ZCTA5 12942,56528
8600000US12943,12943,ZCTA5 12943,41667
8600000US12944,12944,ZCTA5 12944,48000
8600000US12945,12945,ZCTA5 12945,62303
8600000US12946,12946,ZCTA5 12946,60801
8600000US12950,12950,ZCTA5 12950,68750
8600000US12952,12952,ZCTA5 12952,32222
8600000US12953,12953,ZCTA5 12953,49561
8600000US12955,12955,ZCTA5 12955,62000
8600000US12956,12956,ZCTA5 12956,57188
8600000US12957,12957,ZCTA5 12957,39006
8600000US12958,12958,ZCTA5 12958,50625
8600000US12959,12959,ZCTA5 12959,37601
8600000US12960,12960,ZCTA5 12960,79622
8600000US12961,12961,ZCTA5 12961,28980
8600000US12962,12962,ZCTA5 12962,71033
8600000US12964,12964,ZCTA5 12964,158438
8600000US12965,12965,ZCTA5 12965,41375
8600000US12966,12966,ZCTA5 12966,47500
8600000US12967,12967,ZCTA5 12967,43950
8600000US12969,12969,ZCTA5 12969,41058
8600000US12970,12970,ZCTA5 12970,54167
8600000US12972,12972,ZCTA5 12972,67794
8600000US12973,12973,ZCTA5 12973,61071
8600000US12974,12974,ZCTA5 12974,51389
8600000US12975,12975,ZCTA5 12975,-
8600000US12976,12976,ZCTA5 12976,68750
8600000US12977,12977,ZCTA5 12977,-
8600000US12978,12978,ZCTA5 12978,-
8600000US12979,12979,ZCTA5 12979,57727
8600000US12980,12980,ZCTA5 12980,41477
8600000US12981,12981,ZCTA5 12981,64167
8600000US12983,12983,ZCTA5 12983,55365
8600000US12985,12985,ZCTA5 12985,41312
8600000US12986,12986,ZCTA5 12986,54861
8600000US12987,12987,ZCTA5 12987,32500
8600000US12989,12989,ZCTA5 12989,66167
8600000US12992,12992,ZCTA5 12992,51433
8600000US12993,12993,ZCTA5 12993,47727
8600000US12996,12996,ZCTA5 12996,63750
8600000US12997,12997,ZCTA5 12997,58229
8600000US12998,12998,ZCTA5 12998,42734
8600000US13020,13020,ZCTA5 13020,56750
8600000US13021,13021,ZCTA5 13021,48869
8600000US13024,13024,ZCTA5 13024,-
8600000US13026,13026,ZCTA5 13026,62188
8600000US13027,13027,ZCTA5 13027,72908
8600000US13028,13028,ZCTA5 13028,57500
8600000US13029,13029,ZCTA5 13029,70443
8600000US13030,13030,ZCTA5 13030,62625
8600000US13031,13031,ZCTA5 13031,72334
8600000US13032,13032,ZCTA5 13032,57078
8600000US13033,13033,ZCTA5 13033,60000
8600000US13034,13034,ZCTA5 13034,65625
8600000US13035,13035,ZCTA5 13035,73750
8600000US13036,13036,ZCTA5 13036,53358
8600000US13037,13037,ZCTA5 13037,71098
8600000US13039,13039,ZCTA5 13039,88233
8600000US13040,13040,ZCTA5 13040,49155
8600000US13041,13041,ZCTA5 13041,83774
8600000US13042,13042,ZCTA5 13042,51855
8600000US13044,13044,ZCTA5 13044,59583
8600000US13045,13045,ZCTA5 13045,50042
8600000US13051,13051,ZCTA5 13051,-
8600000US13052,13052,ZCTA5 13052,54375
8600000US13053,13053,ZCTA5 13053,66136
8600000US13054,13054,ZCTA5 13054,65714
8600000US13057,13057,ZCTA5 13057,58788
8600000US13060,13060,ZCTA5 13060,69107
8600000US13061,13061,ZCTA5 13061,68889
8600000US13062,13062,ZCTA5 13062,-
8600000US13063,13063,ZCTA5 13063,82500
8600000US13064,13064,ZCTA5 13064,-
8600000US13066,13066,ZCTA5 13066,84193
8600000US13068,13068,ZCTA5 13068,61761
8600000US13069,13069,ZCTA5 13069,46300
8600000US13071,13071,ZCTA5 13071,61607
8600000US13072,13072,ZCTA5 13072,53000
8600000US13073,13073,ZCTA5 13073,58125
8600000US13074,13074,ZCTA5 13074,54347
8600000US13076,13076,ZCTA5 13076,54855
8600000US13077,13077,ZCTA5 13077,60337
8600000US13078,13078,ZCTA5 13078,87596
8600000US13080,13080,ZCTA5 13080,56226
8600000US13081,13081,ZCTA5 13081,74250
8600000US13082,13082,ZCTA5 13082,72131
8600000US13083,13083,ZCTA5 13083,63450
8600000US13084,13084,ZCTA5 13084,63438
8600000US13087,13087,ZCTA5 13087,147907
8600000US13088,13088,ZCTA5 13088,54647
8600000US13090,13090,ZCTA5 13090,71952
8600000US13092,13092,ZCTA5 13092,66838
8600000US13101,13101,ZCTA5 13101,63381
8600000US13102,13102,ZCTA5 13102,-
8600000US13103,13103,ZCTA5 13103,67632
8600000US13104,13104,ZCTA5 13104,105000
8600000US13108,13108,ZCTA5 13108,74490
8600000US13110,13110,ZCTA5 13110,77431
8600000US13111,13111,ZCTA5 13111,46685
8600000US13112,13112,ZCTA5 13112,58500
8600000US13113,13113,ZCTA5 13113,71094
8600000US13114,13114,ZCTA5 13114,59590
8600000US13115,13115,ZCTA5 13115,50909
8600000US13116,13116,ZCTA5 13116,58116
8600000US13117,13117,ZCTA5 13117,47417
8600000US13118,13118,ZCTA5 13118,54901
8600000US13120,13120,ZCTA5 13120,65091
8600000US13122,13122,ZCTA5 13122,78235
8600000US13123,13123,ZCTA5 13123,55825
8600000US13124,13124,ZCTA5 13124,46250
8600000US13126,13126,ZCTA5 13126,50104
8600000US13131,13131,ZCTA5 13131,56505
8600000US13132,13132,ZCTA5 13132,60185
8600000US13134,13134,ZCTA5 13134,73929
8600000US13135,13135,ZCTA5 13135,52545
8600000US13136,13136,ZCTA5 13136,42045
8600000US13138,13138,ZCTA5 13138,-
8600000US13140,13140,ZCTA5 13140,53598
8600000US13141,13141,ZCTA5 13141,51154
8600000US13142,13142,ZCTA5 13142,46161
8600000US13143,13143,ZCTA5 13143,52645
8600000US13144,13144,ZCTA5 13144,46635
8600000US13145,13145,ZCTA5 13145,51028
8600000US13146,13146,ZCTA5 13146,49722
8600000US13147,13147,ZCTA5 13147,54792
8600000US13148,13148,ZCTA5 13148,52331
8600000US13152,13152,ZCTA5 13152,85556
8600000US13153,13153,ZCTA5 13153,43750
8600000US13155,13155,ZCTA5 13155,51750
8600000US13156,13156,ZCTA5 13156,58333
8600000US13157,13157,ZCTA5 13157,41250
8600000US13158,13158,ZCTA5 13158,50865
8600000US13159,13159,ZCTA5 13159,71659
8600000US13160,13160,ZCTA5 13160,64405
8600000US13162,13162,ZCTA5 13162,-
8600000US13163,13163,ZCTA5 13163,57917
8600000US13164,13164,ZCTA5 13164,77083
8600000US13165,13165,ZCTA5 13165,51379
8600000US13166,13166,ZCTA5 13166,60201
8600000US13167,13167,ZCTA5 13167,51154
8600000US13202,13202,ZCTA5 13202,15000
8600000US13203,13203,ZCTA5 13203,34086
8600000US13204,13204,ZCTA5 13204,31735
8600000US13205,13205,ZCTA5 13205,30604
8600000US13206,13206,ZCTA5 13206,39911
8600000US13207,13207,ZCTA5 13207,50464
8600000US13208,13208,ZCTA5 13208,35673
8600000US13209,13209,ZCTA5 13209,53054
8600000US13210,13210,ZCTA5 13210,27690
8600000US13211,13211,ZCTA5 13211,45828
8600000US13212,13212,ZCTA5 13212,54610
8600000US13214,13214,ZCTA5 13214,72841
8600000US13215,13215,ZCTA5 13215,90345
8600000US13219,13219,ZCTA5 13219,59485
8600000US13224,13224,ZCTA5 13224,53021
8600000US13290,13290,ZCTA5 13290,-
8600000US13301,13301,ZCTA5 13301,76250
8600000US13302,13302,ZCTA5 13302,49076
8600000US13303,13303,ZCTA5 13303,66042
8600000US13304,13304,ZCTA5 13304,75769
8600000US13305,13305,ZCTA5 13305,47200
8600000US13308,13308,ZCTA5 13308,49000
8600000US13309,13309,ZCTA5 13309,53915
8600000US13310,13310,ZCTA5 13310,45804
8600000US13312,13312,ZCTA5 13312,49583
8600000US13313,13313,ZCTA5 13313,40000
8600000US13314,13314,ZCTA5 13314,41711
8600000US13315,13315,ZCTA5 13315,56923
8600000US13316,13316,ZCTA5 13316,50038
8600000US13317,13317,ZCTA5 13317,49609
8600000US13318,13318,ZCTA5 13318,64274
8600000US13319,13319,ZCTA5 13319,36600
8600000US13320,13320,ZCTA5 13320,58182
8600000US13321,13321,ZCTA5 13321,40694
8600000US13322,13322,ZCTA5 13322,55938
8600000US13323,13323,ZCTA5 13323,61381
8600000US13324,13324,ZCTA5 13324,43477
8600000US13325,13325,ZCTA5 13325,50263
8600000US13326,13326,ZCTA5 13326,61204
8600000US13327,13327,ZCTA5 13327,47679
8600000US13328,13328,ZCTA5 13328,61932
8600000US13329,13329,ZCTA5 13329,43810
8600000US13331,13331,ZCTA5 13331,45250
8600000US13332,13332,ZCTA5 13332,50262
8600000US13333,13333,ZCTA5 13333,33750
8600000US13334,13334,ZCTA5 13334,62500
8600000US13335,13335,ZCTA5 13335,59306
8600000US13337,13337,ZCTA5 13337,69286
8600000US13338,13338,ZCTA5 13338,50652
8600000US13339,13339,ZCTA5 13339,45300
8600000US13340,13340,ZCTA5 13340,53831
8600000US13341,13341,ZCTA5 13341,112891
8600000US13342,13342,ZCTA5 13342,70000
8600000US13343,13343,ZCTA5 13343,59306
8600000US13345,13345,ZCTA5 13345,93173
8600000US13346,13346,ZCTA5 13346,75690
8600000US13348,13348,ZCTA5 13348,52235
8600000US13350,13350,ZCTA5 13350,46176
8600000US13352,13352,ZCTA5 13352,-
8600000US13353,13353,ZCTA5 13353,35625
8600000US13354,13354,ZCTA5 13354,78618
8600000US13355,13355,ZCTA5 13355,58611
8600000US13357,13357,ZCTA5 13357,46283
8600000US13360,13360,ZCTA5 13360,54375
8600000US13361,13361,ZCTA5 13361,63125
8600000US13362,13362,ZCTA5 13362,-
8600000US13363,13363,ZCTA5 13363,59840
8600000US13364,13364,ZCTA5 13364,31650
8600000US13365,13365,ZCTA5 13365,50183
8600000US13367,13367,ZCTA5 13367,57679
8600000US13368,13368,ZCTA5 13368,46920
8600000US13402,13402,ZCTA5 13402,52241
8600000US13403,13403,ZCTA5 13403,80568
8600000US13404,13404,ZCTA5 13404,41250
8600000US13406,13406,ZCTA5 13406,50700
8600000US13407,13407,ZCTA5 13407,48125
8600000US13408,13408,ZCTA5 13408,52162
8600000US13409,13409,ZCTA5 13409,51923
8600000US13410,13410,ZCTA5 13410,56250
8600000US13411,13411,ZCTA5 13411,46286
8600000US13413,13413,ZCTA5 13413,68731
8600000US13415,13415,ZCTA5 13415,48750
8600000US13416,13416,ZCTA5 13416,53309
8600000US13417,13417,ZCTA5 13417,37427
8600000US13418,13418,ZCTA5 13418,58750
8600000US13420,13420,ZCTA5 13420,53938
8600000US13421,13421,ZCTA5 13421,46466
8600000US13424,13424,ZCTA5 13424,54063
8600000US13425,13425,ZCTA5 13425,48000
8600000US13428,13428,ZCTA5 13428,40625
8600000US13431,13431,ZCTA5 13431,54091
8600000US13433,13433,ZCTA5 13433,46314
8600000US13435,13435,ZCTA5 13435,58000
8600000US13436,13436,ZCTA5 13436,56250
8600000US13437,13437,ZCTA5 13437,50833
8600000US13438,13438,ZCTA5 13438,51332
8600000US13439,13439,ZCTA5 13439,50775
8600000US13440,13440,ZCTA5 13440,51580
8600000US13441,13441,ZCTA5 13441,-
8600000US13450,13450,ZCTA5 13450,52396
8600000US13452,13452,ZCTA5 13452,41591
8600000US13454,13454,ZCTA5 13454,37500
8600000US13456,13456,ZCTA5 13456,66049
8600000US13459,13459,ZCTA5 13459,50943
8600000US13460,13460,ZCTA5 13460,44471
8600000US13461,13461,ZCTA5 13461,58795
8600000US13464,13464,ZCTA5 13464,42197
8600000US13468,13468,ZCTA5 13468,58750
8600000US13469,13469,ZCTA5 13469,80357
8600000US13470,13470,ZCTA5 13470,41500
8600000US13471,13471,ZCTA5 13471,48782
8600000US13472,13472,ZCTA5 13472,-
8600000US13473,13473,ZCTA5 13473,55625
8600000US13475,13475,ZCTA5 13475,-
8600000US13476,13476,ZCTA5 13476,64821
8600000US13477,13477,ZCTA5 13477,47862
8600000US13478,13478,ZCTA5 13478,57721
8600000US13480,13480,ZCTA5 13480,52813
8600000US13483,13483,ZCTA5 13483,-
8600000US13484,13484,ZCTA5 13484,-
8600000US13485,13485,ZCTA5 13485,39792
8600000US13486,13486,ZCTA5 13486,56875
8600000US13488,13488,ZCTA5 13488,50625
8600000US13489,13489,ZCTA5 13489,51250
8600000US13490,13490,ZCTA5 13490,62643
8600000US13491,13491,ZCTA5 13491,55125
8600000US13492,13492,ZCTA5 13492,59583
8600000US13493,13493,ZCTA5 13493,50521
8600000US13494,13494,ZCTA5 13494,63333
8600000US13495,13495,ZCTA5 13495,54583
8600000US13501,13501,ZCTA5 13501,33710
8600000US13502,13502,ZCTA5 13502,41475
8600000US13601,13601,ZCTA5 13601,46365
8600000US13602,13602,ZCTA5 13602,38000
8600000US13603,13603,ZCTA5 13603,42864
8600000US13605,13605,ZCTA5 13605,50385
8600000US13606,13606,ZCTA5 13606,64698
8600000US13607,13607,ZCTA5 13607,48606
8600000US13608,13608,ZCTA5 13608,45000
8600000US13612,13612,ZCTA5 13612,64877
8600000US13613,13613,ZCTA5 13613,50262
8600000US13614,13614,ZCTA5 13614,25625
8600000US13615,13615,ZCTA5 13615,56250
8600000US13616,13616,ZCTA5 13616,54432
8600000US13617,13617,ZCTA5 13617,57365
8600000US13618,13618,ZCTA5 13618,52700
8600000US13619,13619,ZCTA5 13619,50701
8600000US13620,13620,ZCTA5 13620,37083
8600000US13621,13621,ZCTA5 13621,42788
8600000US13622,13622,ZCTA5 13622,61905
8600000US13623,13623,ZCTA5 13623,63333
8600000US13624,13624,ZCTA5 13624,65826
8600000US13625,13625,ZCTA5 13625,56993
8600000US13626,13626,ZCTA5 13626,48438
8600000US13628,13628,ZCTA5 13628,44750
8600000US13630,13630,ZCTA5 13630,51513
8600000US13633,13633,ZCTA5 13633,69375
8600000US13634,13634,ZCTA5 13634,53250
8600000US13635,13635,ZCTA5 13635,48021
8600000US13636,13636,ZCTA5 13636,67625
8600000US13637,13637,ZCTA5 13637,52379
8600000US13638,13638,ZCTA5 13638,38920
8600000US13639,13639,ZCTA5 13639,48750
8600000US13640,13640,ZCTA5 13640,46667
8600000US13641,13641,ZCTA5 13641,-
8600000US13642,13642,ZCTA5 13642,40619
8600000US13643,13643,ZCTA5 13643,-
8600000US13646,13646,ZCTA5 13646,45602
8600000US13647,13647,ZCTA5 13647,-
8600000US13648,13648,ZCTA5 13648,44489
8600000US13650,13650,ZCTA5 13650,60046
8600000US13651,13651,ZCTA5 13651,105417
8600000US13652,13652,ZCTA5 13652,58281
8600000US13654,13654,ZCTA5 13654,51688
8600000US13655,13655,ZCTA5 13655,36712
8600000US13656,13656,ZCTA5 13656,55078
8600000US13658,13658,ZCTA5 13658,60000
8600000US13659,13659,ZCTA5 13659,49688
8600000US13660,13660,ZCTA5 13660,48618
8600000US13661,13661,ZCTA5 13661,73462
8600000US13662,13662,ZCTA5 13662,47394
8600000US13664,13664,ZCTA5 13664,68125
8600000US13665,13665,ZCTA5 13665,63068
8600000US13666,13666,ZCTA5 13666,23917
8600000US13667,13667,ZCTA5 13667,42917
8600000US13668,13668,ZCTA5 13668,51905
8600000US13669,13669,ZCTA5 13669,46905
8600000US13670,13670,ZCTA5 13670,37083
8600000US13672,13672,ZCTA5 13672,53359
8600000US13673,13673,ZCTA5 13673,49205
8600000US13674,13674,ZCTA5 13674,48854
8600000US13675,13675,ZCTA5 13675,61548
8600000US13676,13676,ZCTA5 13676,50000
8600000US13677,13677,ZCTA5 13677,-
8600000US13678,13678,ZCTA5 13678,-
8600000US13679,13679,ZCTA5 13679,46563
8600000US13680,13680,ZCTA5 13680,36389
8600000US13681,13681,ZCTA5 13681,53333
8600000US13682,13682,ZCTA5 13682,65625
8600000US13684,13684,ZCTA5 13684,46731
8600000US13685,13685,ZCTA5 13685,57212
8600000US13687,13687,ZCTA5 13687,47292
8600000US13690,13690,ZCTA5 13690,41591
8600000US13691,13691,ZCTA5 13691,58750
8600000US13692,13692,ZCTA5 13692,57946
8600000US13693,13693,ZCTA5 13693,45417
8600000US13694,13694,ZCTA5 13694,70333
8600000US13695,13695,ZCTA5 13695,100556
8600000US13696,13696,ZCTA5 13696,-
8600000US13697,13697,ZCTA5 13697,39167
8600000US13730,13730,ZCTA5 13730,51580
8600000US13731,13731,ZCTA5 13731,48681
8600000US13732,13732,ZCTA5 13732,81106
8600000US13733,13733,ZCTA5 13733,49821
8600000US13734,13734,ZCTA5 13734,47065
8600000US13736,13736,ZCTA5 13736,61827
8600000US13739,13739,ZCTA5 13739,56818
8600000US13740,13740,ZCTA5 13740,72500
8600000US13743,13743,ZCTA5 13743,57866
8600000US13744,13744,ZCTA5 13744,59853
8600000US13746,13746,ZCTA5 13746,51667
8600000US13748,13748,ZCTA5 13748,51875
8600000US13750,13750,ZCTA5 13750,41583
8600000US13751,13751,ZCTA5 13751,-
8600000US13752,13752,ZCTA5 13752,54583
8600000US13753,13753,ZCTA5 13753,52192
8600000US13754,13754,ZCTA5 13754,38690
8600000US13755,13755,ZCTA5 13755,43438
8600000US13756,13756,ZCTA5 13756,51250
8600000US13757,13757,ZCTA5 13757,54123
8600000US13760,13760,ZCTA5 13760,54972
8600000US13774,13774,ZCTA5 13774,33750
8600000US13775,13775,ZCTA5 13775,52176
8600000US13776,13776,ZCTA5 13776,55313
8600000US13777,13777,ZCTA5 13777,63750
8600000US13778,13778,ZCTA5 13778,57365
8600000US13780,13780,ZCTA5 13780,50977
8600000US13782,13782,ZCTA5 13782,52143
8600000US13783,13783,ZCTA5 13783,38625
8600000US13784,13784,ZCTA5 13784,29712
8600000US13786,13786,ZCTA5 13786,50625
8600000US13787,13787,ZCTA5 13787,44177
8600000US13788,13788,ZCTA5 13788,49800
8600000US13790,13790,ZCTA5 13790,42454
8600000US13794,13794,ZCTA5 13794,57500
8600000US13795,13795,ZCTA5 13795,51987
8600000US13796,13796,ZCTA5 13796,61458
8600000US13797,13797,ZCTA5 13797,49400
8600000US13801,13801,ZCTA5 13801,37426
8600000US13802,13802,ZCTA5 13802,59438
8600000US13803,13803,ZCTA5 13803,58493
8600000US13804,13804,ZCTA5 13804,55917
8600000US13806,13806,ZCTA5 13806,40313
8600000US13807,13807,ZCTA5 13807,49667
8600000US13808,13808,ZCTA5 13808,53095
8600000US13809,13809,ZCTA5 13809,52734
8600000US13810,13810,ZCTA5 13810,44489
8600000US13811,13811,ZCTA5 13811,59009
8600000US13812,13812,ZCTA5 13812,56042
8600000US13813,13813,ZCTA5 13813,50375
8600000US13815,13815,ZCTA5 13815,47031
8600000US13820,13820,ZCTA5 13820,46659
8600000US13825,13825,ZCTA5 13825,53750
8600000US13826,13826,ZCTA5 13826,-
8600000US13827,13827,ZCTA5 13827,52538
8600000US13830,13830,ZCTA5 13830,47679
8600000US13832,13832,ZCTA5 13832,40313
8600000US13833,13833,ZCTA5 13833,55013
8600000US13834,13834,ZCTA5 13834,71037
8600000US13835,13835,ZCTA5 13835,50441
8600000US13838,13838,ZCTA5 13838,37981
8600000US13839,13839,ZCTA5 13839,44792
8600000US13841,13841,ZCTA5 13841,39091
8600000US13842,13842,ZCTA5 13842,66964
8600000US13843,13843,ZCTA5 13843,50927
8600000US13844,13844,ZCTA5 13844,47188
8600000US13845,13845,ZCTA5 13845,-
8600000US13846,13846,ZCTA5 13846,31250
8600000US13847,13847,ZCTA5 13847,-
8600000US13849,13849,ZCTA5 13849,43821
8600000US13850,13850,ZCTA5 13850,62279
8600000US13856,13856,ZCTA5 13856,49201
8600000US13859,13859,ZCTA5 13859,66250
8600000US13860,13860,ZCTA5 13860,83250
8600000US13861,13861,ZCTA5 13861,110375
8600000US13862,13862,ZCTA5 13862,60950
8600000US13863,13863,ZCTA5 13863,56667
8600000US13864,13864,ZCTA5 13864,38695
8600000US13865,13865,ZCTA5 13865,67077
8600000US13901,13901,ZCTA5 13901,44089
8600000US13902,13902,ZCTA5 13902,-
8600000US13903,13903,ZCTA5 13903,46021
8600000US13904,13904,ZCTA5 13904,47656
8600000US13905,13905,ZCTA5 13905,38602
8600000US14001,14001,ZCTA5 14001,59197
8600000US14004,14004,ZCTA5 14004,70943
8600000US14005,14005,ZCTA5 14005,58611
8600000US14006,14006,ZCTA5 14006,56855
8600000US14008,14008,ZCTA5 14008,56691
8600000US14009,14009,ZCTA5 14009,46857
8600000US14011,14011,ZCTA5 14011,64009
8600000US14012,14012,ZCTA5 14012,55856
8600000US14013,14013,ZCTA5 14013,53272
8600000US14020,14020,ZCTA5 14020,50050
8600000US14024,14024,ZCTA5 14024,59205
8600000US14025,14025,ZCTA5 14025,57585
8600000US14026,14026,ZCTA5 14026,81375
8600000US14028,14028,ZCTA5 14028,75242
8600000US14030,14030,ZCTA5 14030,63421
8600000US14031,14031,ZCTA5 14031,81452
8600000US14032,14032,ZCTA5 14032,106701
8600000US14033,14033,ZCTA5 14033,84211
8600000US14034,14034,ZCTA5 14034,59118
8600000US14035,14035,ZCTA5 14035,70859
8600000US14036,14036,ZCTA5 14036,63661
8600000US14037,14037,ZCTA5 14037,70000
8600000US14039,14039,ZCTA5 14039,55313
8600000US14040,14040,ZCTA5 14040,54119
8600000US14041,14041,ZCTA5 14041,46389
8600000US14042,14042,ZCTA5 14042,42311
8600000US14043,14043,ZCTA5 14043,57611
8600000US14047,14047,ZCTA5 14047,64485
8600000US14048,14048,ZCTA5 14048,36341
8600000US14051,14051,ZCTA5 14051,113750
8600000US14052,14052,ZCTA5 14052,75388
8600000US14054,14054,ZCTA5 14054,57679
8600000US14055,14055,ZCTA5 14055,65321
8600000US14057,14057,ZCTA5 14057,70957
8600000US14058,14058,ZCTA5 14058,63571
8600000US14059,14059,ZCTA5 14059,74884
8600000US14060,14060,ZCTA5 14060,46250
8600000US14061,14061,ZCTA5 14061,53906
8600000US14062,14062,ZCTA5 14062,51341
8600000US14063,14063,ZCTA5 14063,51489
8600000US14065,14065,ZCTA5 14065,49853
8600000US14066,14066,ZCTA5 14066,53929
8600000US14067,14067,ZCTA5 14067,53625
8600000US14068,14068,ZCTA5 14068,76579
8600000US14069,14069,ZCTA5 14069,55278
8600000US14070,14070,ZCTA5 14070,38260
8600000US14072,14072,ZCTA5 14072,81818
8600000US14075,14075,ZCTA5 14075,67063
8600000US14080,14080,ZCTA5 14080,65674
8600000US14081,14081,ZCTA5 14081,47805
8600000US14082,14082,ZCTA5 14082,57857
8600000US14085,14085,ZCTA5 14085,82351
8600000US14086,14086,ZCTA5 14086,79596
8600000US14091,14091,ZCTA5 14091,52232
8600000US14092,14092,ZCTA5 14092,63545
8600000US14094,14094,ZCTA5 14094,53029
8600000US14098,14098,ZCTA5 14098,56833
8600000US14101,14101,ZCTA5 14101,52736
8600000US14102,14102,ZCTA5 14102,93558
8600000US14103,14103,ZCTA5 14103,45946
8600000US14105,14105,ZCTA5 14105,60486
8600000US14108,14108,ZCTA5 14108,57043
8600000US14109,14109,ZCTA5 14109,-
8600000US14111,14111,ZCTA5 14111,56250
8600000US14112,14112,ZCTA5 14112,-
8600000US14113,14113,ZCTA5 14113,44886
8600000US14120,14120,ZCTA5 14120,59802
8600000US14125,14125,ZCTA5 14125,56184
8600000US14126,14126,ZCTA5 14126,-
8600000US14127,14127,ZCTA5 14127,88197
8600000US14129,14129,ZCTA5 14129,46932
8600000US14130,14130,ZCTA5 14130,36250
8600000US14131,14131,ZCTA5 14131,71051
8600000US14132,14132,ZCTA5 14132,65553
8600000US14134,14134,ZCTA5 14134,78250
8600000US14135,14135,ZCTA5 14135,46458
8600000US14136,14136,ZCTA5 14136,51694
8600000US14138,14138,ZCTA5 14138,48942
8600000US14139,14139,ZCTA5 14139,82993
8600000US14141,14141,ZCTA5 14141,56114
8600000US14143,14143,ZCTA5 14143,55610
8600000US14145,14145,ZCTA5 14145,59837
8600000US14150,14150,ZCTA5 14150,52783
8600000US14167,14167,ZCTA5 14167,60714
8600000US14168,14168,ZCTA5 14168,-
8600000US14169,14169,ZCTA5 14169,30875
8600000US14170,14170,ZCTA5 14170,73873
8600000US14171,14171,ZCTA5 14171,50875
8600000US14172,14172,ZCTA5 14172,56339
8600000US14173,14173,ZCTA5 14173,-
8600000US14174,14174,ZCTA5 14174,66731
8600000US14201,14201,ZCTA5 14201,27369
8600000US14202,14202,ZCTA5 14202,44049
8600000US14203,14203,ZCTA5 14203,33388
8600000US14204,14204,ZCTA5 14204,25267
8600000US14206,14206,ZCTA5 14206,37200
8600000US14207,14207,ZCTA5 14207,26448
8600000US14208,14208,ZCTA5 14208,24414
8600000US14209,14209,ZCTA5 14209,33327
8600000US14210,14210,ZCTA5 14210,37384
8600000US14211,14211,ZCTA5 14211,25019
8600000US14212,14212,ZCTA5 14212,23362
8600000US14213,14213,ZCTA5 14213,31445
8600000US14214,14214,ZCTA5 14214,44310
8600000US14215,14215,ZCTA5 14215,35160
8600000US14216,14216,ZCTA5 14216,52724
8600000US14217,14217,ZCTA5 14217,52551
8600000US14218,14218,ZCTA5 14218,36530
8600000US14219,14219,ZCTA5 14219,51972
8600000US14220,14220,ZCTA5 14220,50856
8600000US14221,14221,ZCTA5 14221,80558
8600000US14222,14222,ZCTA5 14222,52868
8600000US14223,14223,ZCTA5 14223,60149
8600000US14224,14224,ZCTA5 14224,63809
8600000US14225,14225,ZCTA5 14225,47210
8600000US14226,14226,ZCTA5 14226,68810
8600000US14227,14227,ZCTA5 14227,52385
8600000US14228,14228,ZCTA5 14228,49704
8600000US14261,14261,ZCTA5 14261,-
8600000US14301,14301,ZCTA5 14301,26019
8600000US14302,14302,ZCTA5 14302,-
8600000US14303,14303,ZCTA5 14303,30574
8600000US14304,14304,ZCTA5 14304,50754
8600000US14305,14305,ZCTA5 14305,35647
8600000US14411,14411,ZCTA5 14411,44659
8600000US14414,14414,ZCTA5 14414,55775
8600000US14415,14415,ZCTA5 14415,-
8600000US14416,14416,ZCTA5 14416,51827
8600000US14418,14418,ZCTA5 14418,71458
8600000US14420,14420,ZCTA5 14420,56292
8600000US14422,14422,ZCTA5 14422,62357
8600000US14423,14423,ZCTA5 14423,53028
8600000US14424,14424,ZCTA5 14424,58233
8600000US14425,14425,ZCTA5 14425,67819
8600000US14427,14427,ZCTA5 14427,55068
8600000US14428,14428,ZCTA5 14428,71409
8600000US14432,14432,ZCTA5 14432,59006
8600000US14433,14433,ZCTA5 14433,55075
8600000US14435,14435,ZCTA5 14435,64313
8600000US14437,14437,ZCTA5 14437,43570
8600000US14441,14441,ZCTA5 14441,55833
8600000US14445,14445,ZCTA5 14445,50551
8600000US14450,14450,ZCTA5 14450,81696
8600000US14454,14454,ZCTA5 14454,44916
8600000US14456,14456,ZCTA5 14456,45955
8600000US14462,14462,ZCTA5 14462,59423
8600000US14464,14464,ZCTA5 14464,57652
8600000US14466,14466,ZCTA5 14466,75900
8600000US14467,14467,ZCTA5 14467,68974
8600000US14468,14468,ZCTA5 14468,71009
8600000US14469,14469,ZCTA5 14469,65952
8600000US14470,14470,ZCTA5 14470,49881
8600000US14471,14471,ZCTA5 14471,60478
8600000US14472,14472,ZCTA5 14472,85826
8600000US14475,14475,ZCTA5 14475,66875
8600000US14476,14476,ZCTA5 14476,53643
8600000US14477,14477,ZCTA5 14477,62188
8600000US14478,14478,ZCTA5 14478,86932
8600000US14479,14479,ZCTA5 14479,56875
8600000US14480,14480,ZCTA5 14480,39423
8600000US14481,14481,ZCTA5 14481,54607
8600000US14482,14482,ZCTA5 14482,53083
8600000US14485,14485,ZCTA5 14485,56667
8600000US14486,14486,ZCTA5 14486,62200
8600000US14487,14487,ZCTA5 14487,70250
8600000US14489,14489,ZCTA5 14489,49259
8600000US14502,14502,ZCTA5 14502,66887
8600000US14504,14504,ZCTA5 14504,55598
8600000US14505,14505,ZCTA5 14505,65458
8600000US14506,14506,ZCTA5 14506,129196
8600000US14507,14507,ZCTA5 14507,60357
8600000US14510,14510,ZCTA5 14510,46825
8600000US14511,14511,ZCTA5 14511,53044
8600000US14512,14512,ZCTA5 14512,55179
8600000US14513,14513,ZCTA5 14513,43037
8600000US14514,14514,ZCTA5 14514,62381
8600000US14516,14516,ZCTA5 14516,58938
8600000US14517,14517,ZCTA5 14517,44243
8600000US14519,14519,ZCTA5 14519,61758
8600000US14521,14521,ZCTA5 14521,48977
8600000US14522,14522,ZCTA5 14522,51913
8600000US14525,14525,ZCTA5 14525,74074
8600000US14526,14526,ZCTA5 14526,82143
8600000US14527,14527,ZCTA5 14527,51159
8600000US14529,14529,ZCTA5 14529,111302
8600000US14530,14530,ZCTA5 14530,52064
8600000US14532,14532,ZCTA5 14532,62271
8600000US14533,14533,ZCTA5 14533,56042
8600000US14534,14534,ZCTA5 14534,111420
8600000US14536,14536,ZCTA5 14536,42813
8600000US14537,14537,ZCTA5 14537,32708
8600000US14539,14539,ZCTA5 14539,54306
8600000US14541,14541,ZCTA5 14541,61107
8600000US14542,14542,ZCTA5 14542,-
8600000US14543,14543,ZCTA5 14543,82143
8600000US14544,14544,ZCTA5 14544,51797
8600000US14545,14545,ZCTA5 14545,70417
8600000US14546,14546,ZCTA5 14546,60000
8600000US14548,14548,ZCTA5 14548,61708
8600000US14549,14549,ZCTA5 14549,-
8600000US14550,14550,ZCTA5 14550,49408
8600000US14551,14551,ZCTA5 14551,47169
8600000US14555,14555,ZCTA5 14555,40761
8600000US14559,14559,ZCTA5 14559,77167
8600000US14560,14560,ZCTA5 14560,58000
8600000US14561,14561,ZCTA5 14561,65850
8600000US14564,14564,ZCTA5 14564,98560
8600000US14568,14568,ZCTA5 14568,79805
8600000US14569,14569,ZCTA5 14569,55994
8600000US14571,14571,ZCTA5 14571,47632
8600000US14572,14572,ZCTA5 14572,49356
8600000US14580,14580,ZCTA5 14580,77159
8600000US14585,14585,ZCTA5 14585,48750
8600000US14586,14586,ZCTA5 14586,82076
8600000US14588,14588,ZCTA5 14588,-
8600000US14589,14589,ZCTA5 14589,54896
8600000US14590,14590,ZCTA5 14590,43827
8600000US14591,14591,ZCTA5 14591,56932
8600000US14592,14592,ZCTA5 14592,60625
8600000US14604,14604,ZCTA5 14604,16764
8600000US14605,14605,ZCTA5 14605,21047
8600000US14606,14606,ZCTA5 14606,41158
8600000US14607,14607,ZCTA5 14607,42589
8600000US14608,14608,ZCTA5 14608,20761
8600000US14609,14609,ZCTA5 14609,42012
8600000US14610,14610,ZCTA5 14610,62923
8600000US14611,14611,ZCTA5 14611,25772
8600000US14612,14612,ZCTA5 14612,59034
8600000US14613,14613,ZCTA5 14613,31169
8600000US14614,14614,ZCTA5 14614,-
8600000US14615,14615,ZCTA5 14615,38135
8600000US14616,14616,ZCTA5 14616,47096
8600000US14617,14617,ZCTA5 14617,64589
8600000US14618,14618,ZCTA5 14618,93309
8600000US14619,14619,ZCTA5 14619,37383
8600000US14620,14620,ZCTA5 14620,41777
8600000US14621,14621,ZCTA5 14621,26104
8600000US14622,14622,ZCTA5 14622,50953
8600000US14623,14623,ZCTA5 14623,49972
8600000US14624,14624,ZCTA5 14624,64645
8600000US14625,14625,ZCTA5 14625,76642
8600000US14626,14626,ZCTA5 14626,58330
8600000US14627,14627,ZCTA5 14627,-
8600000US14701,14701,ZCTA5 14701,37883
8600000US14706,14706,ZCTA5 14706,51941
8600000US14707,14707,ZCTA5 14707,80417
8600000US14708,14708,ZCTA5 14708,61250
8600000US14709,14709,ZCTA5 14709,47115
8600000US14710,14710,ZCTA5 14710,54314
8600000US14711,14711,ZCTA5 14711,46375
8600000US14712,14712,ZCTA5 14712,51667
8600000US14714,14714,ZCTA5 14714,48409
8600000US14715,14715,ZCTA5 14715,39957
8600000US14716,14716,ZCTA5 14716,39400
8600000US14717,14717,ZCTA5 14717,36528
8600000US14718,14718,ZCTA5 14718,56580
8600000US14719,14719,ZCTA5 14719,46146
8600000US14720,14720,ZCTA5 14720,35250
8600000US14721,14721,ZCTA5 14721,39063
8600000US14722,14722,ZCTA5 14722,115673
8600000US14723,14723,ZCTA5 14723,54038
8600000US14724,14724,ZCTA5 14724,50417
8600000US14726,14726,ZCTA5 14726,37569
8600000US14727,14727,ZCTA5 14727,49430
8600000US14728,14728,ZCTA5 14728,42404
8600000US14729,14729,ZCTA5 14729,61971
8600000US14731,14731,ZCTA5 14731,56696
8600000US14732,14732,ZCTA5 14732,58750
8600000US14733,14733,ZCTA5 14733,42117
8600000US14735,14735,ZCTA5 14735,37844
8600000US14736,14736,ZCTA5 14736,46111
8600000US14737,14737,ZCTA5 14737,47321
8600000US14738,14738,ZCTA5 14738,45160
8600000US14739,14739,ZCTA5 14739,40288
8600000US14740,14740,ZCTA5 14740,53966
8600000US14741,14741,ZCTA5 14741,56012
8600000US14742,14742,ZCTA5 14742,-
8600000US14743,14743,ZCTA5 14743,46691
8600000US14744,14744,ZCTA5 14744,52188
8600000US14747,14747,ZCTA5 14747,45150
8600000US14748,14748,ZCTA5 14748,26563
8600000US14750,14750,ZCTA5 14750,53519
8600000US14752,14752,ZCTA5 14752,-
8600000US14753,14753,ZCTA5 14753,34191
8600000US14754,14754,ZCTA5 14754,46550
8600000US14755,14755,ZCTA5 14755,47682
8600000US14756,14756,ZCTA5 14756,39211
8600000US14757,14757,ZCTA5 14757,51389
8600000US14760,14760,ZCTA5 14760,43065
8600000US14767,14767,ZCTA5 14767,45000
8600000US14769,14769,ZCTA5 14769,45682
8600000US14770,14770,ZCTA5 14770,59276
8600000US14772,14772,ZCTA5 14772,41494
8600000US14774,14774,ZCTA5 14774,60417
8600000US14775,14775,ZCTA5 14775,45104
8600000US14777,14777,ZCTA5 14777,44091
8600000US14778,14778,ZCTA5 14778,-
8600000US14779,14779,ZCTA5 14779,33059
8600000US14781,14781,ZCTA5 14781,44491
8600000US14782,14782,ZCTA5 14782,44674
8600000US14783,14783,ZCTA5 14783,31458
8600000US14784,14784,ZCTA5 14784,44375
8600000US14787,14787,ZCTA5 14787,46964
8600000US14788,14788,ZCTA5 14788,-
8600000US14801,14801,ZCTA5 14801,49561
8600000US14802,14802,ZCTA5 14802,35125
8600000US14803,14803,ZCTA5 14803,45000
8600000US14804,14804,ZCTA5 14804,58864
8600000US14805,14805,ZCTA5 14805,56563
8600000US14806,14806,ZCTA5 14806,53403
8600000US14807,14807,ZCTA5 14807,53430
8600000US14808,14808,ZCTA5 14808,55781
8600000US14809,14809,ZCTA5 14809,46111
8600000US14810,14810,ZCTA5 14810,41061
8600000US14812,14812,ZCTA5 14812,52303
8600000US14813,14813,ZCTA5 14813,46339
8600000US14814,14814,ZCTA5 14814,77330
8600000US14815,14815,ZCTA5 14815,49167
8600000US14816,14816,ZCTA5 14816,61528
8600000US14817,14817,ZCTA5 14817,46901
8600000US14818,14818,ZCTA5 14818,59972
8600000US14819,14819,ZCTA5 14819,30875
8600000US14820,14820,ZCTA5 14820,49063
8600000US14821,14821,ZCTA5 14821,51466
8600000US14822,14822,ZCTA5 14822,44110
8600000US14823,14823,ZCTA5 14823,51406
8600000US14824,14824,ZCTA5 14824,41920
8600000US14825,14825,ZCTA5 14825,67344
8600000US14826,14826,ZCTA5 14826,44375
8600000US14827,14827,ZCTA5 14827,62716
8600000US14830,14830,ZCTA5 14830,54079
8600000US14836,14836,ZCTA5 14836,74125
8600000US14837,14837,ZCTA5 14837,49615
8600000US14838,14838,ZCTA5 14838,57578
8600000US14839,14839,ZCTA5 14839,49583
8600000US14840,14840,ZCTA5 14840,53036
8600000US14841,14841,ZCTA5 14841,45152
8600000US14842,14842,ZCTA5 14842,39483
8600000US14843,14843,ZCTA5 14843,44792
8600000US14845,14845,ZCTA5 14845,62041
8600000US14846,14846,ZCTA5 14846,48958
8600000US14847,14847,ZCTA5 14847,46429
8600000US14850,14850,ZCTA5 14850,51564
8600000US14853,14853,ZCTA5 14853,-
8600000US14854,14854,ZCTA5 14854,-
8600000US14855,14855,ZCTA5 14855,49779
8600000US14856,14856,ZCTA5 14856,-
8600000US14858,14858,ZCTA5 14858,47875
8600000US14859,14859,ZCTA5 14859,56750
8600000US14860,14860,ZCTA5 14860,48558
8600000US14861,14861,ZCTA5 14861,44808
8600000US14864,14864,ZCTA5 14864,54792
8600000US14865,14865,ZCTA5 14865,41542
8600000US14867,14867,ZCTA5 14867,61791
8600000US14869,14869,ZCTA5 14869,52414
8600000US14870,14870,ZCTA5 14870,61846
8600000US14871,14871,ZCTA5 14871,65700
8600000US14872,14872,ZCTA5 14872,57188
8600000US14873,14873,ZCTA5 14873,50183
8600000US14874,14874,ZCTA5 14874,48438
8600000US14877,14877,ZCTA5 14877,53333
8600000US14878,14878,ZCTA5 14878,65313
8600000US14879,14879,ZCTA5 14879,54063
8600000US14880,14880,ZCTA5 14880,51250
8600000US14881,14881,ZCTA5 14881,115495
8600000US14882,14882,ZCTA5 14882,67940
8600000US14883,14883,ZCTA5 14883,44659
8600000US14884,14884,ZCTA5 14884,55000
8600000US14885,14885,ZCTA5 14885,56071
8600000US14886,14886,ZCTA5 14886,65750
8600000US14889,14889,ZCTA5 14889,51932
8600000US14891,14891,ZCTA5 14891,46406
8600000US14892,14892,ZCTA5 14892,41010
8600000US14893,14893,ZCTA5 14893,-
8600000US14894,14894,ZCTA5 14894,44821
8600000US14895,14895,ZCTA5 14895,43888
8600000US14897,14897,ZCTA5 14897,46016
8600000US14898,14898,ZCTA5 14898,41439
8600000US14901,14901,ZCTA5 14901,29072
8600000US14903,14903,ZCTA5 14903,57670
8600000US14904,14904,ZCTA5 14904,42494
8600000US14905,14905,ZCTA5 14905,53030
